candidate count: 2
repeats per candidate: 2
total runs: 4

====================================================================================================
running cand01_hd128_do0.3_lr0.001_rep01
/root/miniconda3/bin/python -u main-release.py --model=attention --dataset=MER2023 --feat_type=utt --audio_feature=chinese-hubert-large-UTT --text_feature=Baichuan-13B-Base-UTT --video_feature=clip-vit-large-patch14-UTT --hyper_path=/root/autodl-tmp/MERTools-master/MERBench/logs/attention_grid_repeat_b/hparams/cand01_hd128_do0.3_lr0.001.yaml --l2=1e-05 --epochs=100 --batch_size=32 --num_workers=0 --gpu=0 --seed=4407 --save_root=./saved_grid_repeat_b/cand01_hd128_do0.3_lr0.001/rep01
====================================================================================================
set global seed to 4407
====== Params Pre-analysis =======
args:  Namespace(audio_feature='chinese-hubert-large-UTT', batch_size=32, dataset='MER2023', debug=False, dropout=0.3, e2e_dim=None, e2e_name=None, epochs=100, feat_scale=1, feat_type='utt', gpu=0, grad_clip=-1.0, hidden_dim=128, hyper_path='/root/autodl-tmp/MERTools-master/MERBench/logs/attention_grid_repeat_b/hparams/cand01_hd128_do0.3_lr0.001.yaml', l2=1e-05, lr=0.001, lr_adjust='case1', model='attention', n_classes=None, num_workers=0, print_iters=100000000.0, save_iters=100000000.0, save_root='./saved_grid_repeat_b/cand01_hd128_do0.3_lr0.001/rep01-trimodal', savemodel=False, seed=4407, test_dataset=None, text_feature='Baichuan-13B-Base-UTT', train_dataset=None, video_feature='clip-vit-large-patch14-UTT')
====== Reading Data =======
train: sample number 3373
audio feature root: /root/autodl-tmp/MERTools-master/MERBench/dataset/mer2023-dataset-process/features/chinese-hubert-large-UTT

  0%|          | 0/3373 [00:00<?, ?it/s]
 44%|████▍     | 1494/3373 [00:00<00:00, 13751.48it/s]
 85%|████████▌ | 2870/3373 [00:00<00:00, 9921.52it/s] 
100%|██████████| 3373/3373 [00:00<00:00, 9950.55it/s]
Input feature chinese-hubert-large-UTT ===> dim is (1, 1024)

  0%|          | 0/3373 [00:00<?, ?it/s]
 25%|██▌       | 856/3373 [00:00<00:00, 8555.26it/s]
 51%|█████     | 1712/3373 [00:00<00:00, 6760.47it/s]
 72%|███████▏  | 2412/3373 [00:00<00:00, 5967.47it/s]
 90%|████████▉ | 3025/3373 [00:00<00:00, 5985.44it/s]
100%|██████████| 3373/3373 [00:00<00:00, 6322.04it/s]
Input feature Baichuan-13B-Base-UTT ===> dim is (1, 5120)

  0%|          | 0/3373 [00:00<?, ?it/s]
 47%|████▋     | 1584/3373 [00:00<00:00, 15833.07it/s]
 94%|█████████▍| 3168/3373 [00:00<00:00, 12117.00it/s]
100%|██████████| 3373/3373 [00:00<00:00, 12810.50it/s]
Input feature clip-vit-large-patch14-UTT ===> dim is (1, 768)
test1: sample number 411
audio feature root: /root/autodl-tmp/MERTools-master/MERBench/dataset/mer2023-dataset-process/features/chinese-hubert-large-UTT

  0%|          | 0/411 [00:00<?, ?it/s]
100%|██████████| 411/411 [00:00<00:00, 8728.89it/s]
Input feature chinese-hubert-large-UTT ===> dim is (1, 1024)

  0%|          | 0/411 [00:00<?, ?it/s]
100%|██████████| 411/411 [00:00<00:00, 14134.39it/s]
Input feature Baichuan-13B-Base-UTT ===> dim is (1, 5120)

  0%|          | 0/411 [00:00<?, ?it/s]
100%|██████████| 411/411 [00:00<00:00, 17080.93it/s]
Input feature clip-vit-large-patch14-UTT ===> dim is (1, 768)
test2: sample number 412
audio feature root: /root/autodl-tmp/MERTools-master/MERBench/dataset/mer2023-dataset-process/features/chinese-hubert-large-UTT

  0%|          | 0/412 [00:00<?, ?it/s]
100%|██████████| 412/412 [00:00<00:00, 14423.76it/s]
Input feature chinese-hubert-large-UTT ===> dim is (1, 1024)

  0%|          | 0/412 [00:00<?, ?it/s]
100%|██████████| 412/412 [00:00<00:00, 9205.73it/s]
Input feature Baichuan-13B-Base-UTT ===> dim is (1, 5120)

  0%|          | 0/412 [00:00<?, ?it/s]
100%|██████████| 412/412 [00:00<00:00, 19837.83it/s]
Input feature clip-vit-large-patch14-UTT ===> dim is (1, 768)
test3: sample number 834
audio feature root: /root/autodl-tmp/MERTools-master/MERBench/dataset/mer2023-dataset-process/features/chinese-hubert-large-UTT

  0%|          | 0/834 [00:00<?, ?it/s]
100%|██████████| 834/834 [00:00<00:00, 12768.98it/s]
Input feature chinese-hubert-large-UTT ===> dim is (1, 1024)

  0%|          | 0/834 [00:00<?, ?it/s]
 96%|█████████▋| 803/834 [00:00<00:00, 8023.89it/s]
100%|██████████| 834/834 [00:00<00:00, 8089.34it/s]
Input feature Baichuan-13B-Base-UTT ===> dim is (1, 5120)

  0%|          | 0/834 [00:00<?, ?it/s]
100%|██████████| 834/834 [00:00<00:00, 10607.16it/s]
Input feature clip-vit-large-patch14-UTT ===> dim is (1, 768)
train&val folder:5; test sets:3
audio dimension: 1024; text dimension: 5120; video dimension: 768
====== Training and Evaluation =======
>>>>> Cross-validation: training on the 1 folder >>>>>
Step1: build model (each folder has its own model)
Step2: training (multiple epoches)
epoch:1; metric:emoval; train results:-0.2817; eval results:0.2190
epoch:2; metric:emoval; train results:0.2909; eval results:0.3661
epoch:3; metric:emoval; train results:0.4351; eval results:0.4313
epoch:4; metric:emoval; train results:0.5329; eval results:0.3905
epoch:5; metric:emoval; train results:0.6199; eval results:0.4855
epoch:6; metric:emoval; train results:0.6494; eval results:0.5873
epoch:7; metric:emoval; train results:0.7083; eval results:0.5493
epoch:8; metric:emoval; train results:0.7484; eval results:0.5578
epoch:9; metric:emoval; train results:0.7644; eval results:0.5468
epoch:10; metric:emoval; train results:0.7923; eval results:0.5267
epoch:11; metric:emoval; train results:0.7920; eval results:0.5962
epoch:12; metric:emoval; train results:0.8195; eval results:0.4829
epoch:13; metric:emoval; train results:0.8408; eval results:0.5529
epoch:14; metric:emoval; train results:0.8448; eval results:0.5281
epoch:15; metric:emoval; train results:0.8683; eval results:0.5713
epoch:16; metric:emoval; train results:0.8705; eval results:0.5795
epoch:17; metric:emoval; train results:0.8627; eval results:0.5232
epoch:18; metric:emoval; train results:0.8831; eval results:0.5545
epoch:19; metric:emoval; train results:0.8795; eval results:0.5652
epoch:20; metric:emoval; train results:0.8857; eval results:0.5540
epoch:21; metric:emoval; train results:0.8914; eval results:0.5400
epoch:22; metric:emoval; train results:0.8995; eval results:0.5267
epoch:23; metric:emoval; train results:0.9019; eval results:0.5379
epoch:24; metric:emoval; train results:0.9190; eval results:0.5110
epoch:25; metric:emoval; train results:0.9123; eval results:0.5743
epoch:26; metric:emoval; train results:0.9157; eval results:0.5891
epoch:27; metric:emoval; train results:0.9160; eval results:0.5849
epoch:28; metric:emoval; train results:0.9164; eval results:0.5758
epoch:29; metric:emoval; train results:0.9191; eval results:0.5476
epoch:30; metric:emoval; train results:0.9237; eval results:0.5667
epoch:31; metric:emoval; train results:0.9127; eval results:0.5690
epoch:32; metric:emoval; train results:0.9184; eval results:0.5548
epoch:33; metric:emoval; train results:0.9257; eval results:0.5750
epoch:34; metric:emoval; train results:0.9298; eval results:0.5475
epoch:35; metric:emoval; train results:0.9356; eval results:0.5502
epoch:36; metric:emoval; train results:0.9365; eval results:0.5520
epoch:37; metric:emoval; train results:0.9330; eval results:0.5797
epoch:38; metric:emoval; train results:0.9368; eval results:0.5297
epoch:39; metric:emoval; train results:0.9247; eval results:0.5786
epoch:40; metric:emoval; train results:0.9268; eval results:0.5763
epoch:41; metric:emoval; train results:0.9519; eval results:0.5431
epoch:42; metric:emoval; train results:0.9445; eval results:0.5636
epoch:43; metric:emoval; train results:0.9453; eval results:0.5452
epoch:44; metric:emoval; train results:0.9355; eval results:0.5285
epoch:45; metric:emoval; train results:0.9470; eval results:0.5404
epoch:46; metric:emoval; train results:0.9483; eval results:0.5465
epoch:47; metric:emoval; train results:0.9366; eval results:0.5637
epoch:48; metric:emoval; train results:0.9499; eval results:0.5542
epoch:49; metric:emoval; train results:0.9425; eval results:0.5579
epoch:50; metric:emoval; train results:0.9458; eval results:0.5280
epoch:51; metric:emoval; train results:0.9502; eval results:0.5375
epoch:52; metric:emoval; train results:0.9392; eval results:0.5566
epoch:53; metric:emoval; train results:0.9471; eval results:0.5389
epoch:54; metric:emoval; train results:0.9500; eval results:0.5459
epoch:55; metric:emoval; train results:0.9525; eval results:0.5389
epoch:56; metric:emoval; train results:0.9464; eval results:0.5504
epoch:57; metric:emoval; train results:0.9539; eval results:0.5344
epoch:58; metric:emoval; train results:0.9381; eval results:0.5528
epoch:59; metric:emoval; train results:0.9492; eval results:0.5250
epoch:60; metric:emoval; train results:0.9449; eval results:0.5377
epoch:61; metric:emoval; train results:0.9544; eval results:0.5557
epoch:62; metric:emoval; train results:0.9507; eval results:0.5853
epoch:63; metric:emoval; train results:0.9606; eval results:0.5612
epoch:64; metric:emoval; train results:0.9576; eval results:0.5581
epoch:65; metric:emoval; train results:0.9643; eval results:0.5349
epoch:66; metric:emoval; train results:0.9633; eval results:0.5564
epoch:67; metric:emoval; train results:0.9593; eval results:0.5330
epoch:68; metric:emoval; train results:0.9493; eval results:0.5405
epoch:69; metric:emoval; train results:0.9584; eval results:0.5465
epoch:70; metric:emoval; train results:0.9466; eval results:0.4973
epoch:71; metric:emoval; train results:0.9188; eval results:0.5243
epoch:72; metric:emoval; train results:0.8679; eval results:0.5473
epoch:73; metric:emoval; train results:0.9457; eval results:0.5263
epoch:74; metric:emoval; train results:0.9472; eval results:0.5329
epoch:75; metric:emoval; train results:0.9619; eval results:0.5340
epoch:76; metric:emoval; train results:0.9502; eval results:0.5545
epoch:77; metric:emoval; train results:0.9443; eval results:0.5217
epoch:78; metric:emoval; train results:0.9592; eval results:0.5492
epoch:79; metric:emoval; train results:0.9623; eval results:0.5491
epoch:80; metric:emoval; train results:0.9576; eval results:0.5537
epoch:81; metric:emoval; train results:0.9576; eval results:0.5614
epoch:82; metric:emoval; train results:0.9614; eval results:0.5519
epoch:83; metric:emoval; train results:0.9649; eval results:0.5295
epoch:84; metric:emoval; train results:0.9644; eval results:0.5605
epoch:85; metric:emoval; train results:0.9675; eval results:0.5101
epoch:86; metric:emoval; train results:0.9652; eval results:0.5687
epoch:87; metric:emoval; train results:0.9686; eval results:0.5392
epoch:88; metric:emoval; train results:0.9676; eval results:0.5379
epoch:89; metric:emoval; train results:0.9623; eval results:0.5456
epoch:90; metric:emoval; train results:0.9619; eval results:0.5399
epoch:91; metric:emoval; train results:0.9643; eval results:0.5358
epoch:92; metric:emoval; train results:0.9621; eval results:0.5568
epoch:93; metric:emoval; train results:0.9680; eval results:0.5466
epoch:94; metric:emoval; train results:0.9716; eval results:0.5526
epoch:95; metric:emoval; train results:0.9703; eval results:0.5342
epoch:96; metric:emoval; train results:0.9636; eval results:0.5393
epoch:97; metric:emoval; train results:0.9693; eval results:0.5653
epoch:98; metric:emoval; train results:0.9632; eval results:0.5320
epoch:99; metric:emoval; train results:0.9601; eval results:0.5507
epoch:100; metric:emoval; train results:0.9616; eval results:0.5691
Step3: saving and testing on the 1 folder
>>>>> Finish: training on the 1-th folder, best_index: 10, duration: 301.57443499565125 >>>>>
>>>>> Cross-validation: training on the 2 folder >>>>>
Step1: build model (each folder has its own model)
Step2: training (multiple epoches)
epoch:1; metric:emoval; train results:-0.1383; eval results:0.3237
epoch:2; metric:emoval; train results:0.3760; eval results:0.4255
epoch:3; metric:emoval; train results:0.4930; eval results:0.5350
epoch:4; metric:emoval; train results:0.5823; eval results:0.4788
epoch:5; metric:emoval; train results:0.6230; eval results:0.5341
epoch:6; metric:emoval; train results:0.6797; eval results:0.5240
epoch:7; metric:emoval; train results:0.7216; eval results:0.5798
epoch:8; metric:emoval; train results:0.7670; eval results:0.5163
epoch:9; metric:emoval; train results:0.7734; eval results:0.5467
epoch:10; metric:emoval; train results:0.8032; eval results:0.5488
epoch:11; metric:emoval; train results:0.7983; eval results:0.5165
epoch:12; metric:emoval; train results:0.8218; eval results:0.5407
epoch:13; metric:emoval; train results:0.8551; eval results:0.5809
epoch:14; metric:emoval; train results:0.8501; eval results:0.5889
epoch:15; metric:emoval; train results:0.8674; eval results:0.5576
epoch:16; metric:emoval; train results:0.8767; eval results:0.5560
epoch:17; metric:emoval; train results:0.8794; eval results:0.5540
epoch:18; metric:emoval; train results:0.8891; eval results:0.5622
epoch:19; metric:emoval; train results:0.8981; eval results:0.5370
epoch:20; metric:emoval; train results:0.8847; eval results:0.5564
epoch:21; metric:emoval; train results:0.9013; eval results:0.5761
epoch:22; metric:emoval; train results:0.9135; eval results:0.5698
epoch:23; metric:emoval; train results:0.9131; eval results:0.5567
epoch:24; metric:emoval; train results:0.9078; eval results:0.5677
epoch:25; metric:emoval; train results:0.9152; eval results:0.5412
epoch:26; metric:emoval; train results:0.9197; eval results:0.5683
epoch:27; metric:emoval; train results:0.9267; eval results:0.5658
epoch:28; metric:emoval; train results:0.9265; eval results:0.5535
epoch:29; metric:emoval; train results:0.9143; eval results:0.5620
epoch:30; metric:emoval; train results:0.9292; eval results:0.5700
epoch:31; metric:emoval; train results:0.9310; eval results:0.5773
epoch:32; metric:emoval; train results:0.9178; eval results:0.5599
epoch:33; metric:emoval; train results:0.9353; eval results:0.5275
epoch:34; metric:emoval; train results:0.9442; eval results:0.5507
epoch:35; metric:emoval; train results:0.9424; eval results:0.5378
epoch:36; metric:emoval; train results:0.9466; eval results:0.5714
epoch:37; metric:emoval; train results:0.9452; eval results:0.5417
epoch:38; metric:emoval; train results:0.9428; eval results:0.5480
epoch:39; metric:emoval; train results:0.9465; eval results:0.5326
epoch:40; metric:emoval; train results:0.9529; eval results:0.5429
epoch:41; metric:emoval; train results:0.9426; eval results:0.5323
epoch:42; metric:emoval; train results:0.9450; eval results:0.5494
epoch:43; metric:emoval; train results:0.9458; eval results:0.5376
epoch:44; metric:emoval; train results:0.9452; eval results:0.5135
epoch:45; metric:emoval; train results:0.9360; eval results:0.5085
epoch:46; metric:emoval; train results:0.9499; eval results:0.5242
epoch:47; metric:emoval; train results:0.9466; eval results:0.5550
epoch:48; metric:emoval; train results:0.9589; eval results:0.5533
epoch:49; metric:emoval; train results:0.9582; eval results:0.5628
epoch:50; metric:emoval; train results:0.9552; eval results:0.5352
epoch:51; metric:emoval; train results:0.9482; eval results:0.5180
epoch:52; metric:emoval; train results:0.9456; eval results:0.5309
epoch:53; metric:emoval; train results:0.9405; eval results:0.5192
epoch:54; metric:emoval; train results:0.9528; eval results:0.5187
epoch:55; metric:emoval; train results:0.9391; eval results:0.5364
epoch:56; metric:emoval; train results:0.9434; eval results:0.5544
epoch:57; metric:emoval; train results:0.9586; eval results:0.5620
epoch:58; metric:emoval; train results:0.9624; eval results:0.5440
epoch:59; metric:emoval; train results:0.9573; eval results:0.5354
epoch:60; metric:emoval; train results:0.9590; eval results:0.5227
epoch:61; metric:emoval; train results:0.9592; eval results:0.5300
epoch:62; metric:emoval; train results:0.9550; eval results:0.5330
epoch:63; metric:emoval; train results:0.9564; eval results:0.5293
epoch:64; metric:emoval; train results:0.9522; eval results:0.5470
epoch:65; metric:emoval; train results:0.9601; eval results:0.5309
epoch:66; metric:emoval; train results:0.9665; eval results:0.5464
epoch:67; metric:emoval; train results:0.9678; eval results:0.5298
epoch:68; metric:emoval; train results:0.9629; eval results:0.5388
epoch:69; metric:emoval; train results:0.9643; eval results:0.5411
epoch:70; metric:emoval; train results:0.9558; eval results:0.5571
epoch:71; metric:emoval; train results:0.9563; eval results:0.5301
epoch:72; metric:emoval; train results:0.9621; eval results:0.5501
epoch:73; metric:emoval; train results:0.9659; eval results:0.5374
epoch:74; metric:emoval; train results:0.9633; eval results:0.5178
epoch:75; metric:emoval; train results:0.9672; eval results:0.5581
epoch:76; metric:emoval; train results:0.9627; eval results:0.5640
epoch:77; metric:emoval; train results:0.9674; eval results:0.5307
epoch:78; metric:emoval; train results:0.9573; eval results:0.5468
epoch:79; metric:emoval; train results:0.9693; eval results:0.5644
epoch:80; metric:emoval; train results:0.9668; eval results:0.5637
epoch:81; metric:emoval; train results:0.9555; eval results:0.5338
epoch:82; metric:emoval; train results:0.9531; eval results:0.5438
epoch:83; metric:emoval; train results:0.9617; eval results:0.5247
epoch:84; metric:emoval; train results:0.9648; eval results:0.5579
epoch:85; metric:emoval; train results:0.9731; eval results:0.5622
epoch:86; metric:emoval; train results:0.9710; eval results:0.5606
epoch:87; metric:emoval; train results:0.9638; eval results:0.5321
epoch:88; metric:emoval; train results:0.9676; eval results:0.5461
epoch:89; metric:emoval; train results:0.9708; eval results:0.5477
epoch:90; metric:emoval; train results:0.9681; eval results:0.5304
epoch:91; metric:emoval; train results:0.9689; eval results:0.5276
epoch:92; metric:emoval; train results:0.9678; eval results:0.5526
epoch:93; metric:emoval; train results:0.9564; eval results:0.5453
epoch:94; metric:emoval; train results:0.9576; eval results:0.5381
epoch:95; metric:emoval; train results:0.9605; eval results:0.5675
epoch:96; metric:emoval; train results:0.9678; eval results:0.5462
epoch:97; metric:emoval; train results:0.9755; eval results:0.5329
epoch:98; metric:emoval; train results:0.9781; eval results:0.5402
epoch:99; metric:emoval; train results:0.9745; eval results:0.5456
epoch:100; metric:emoval; train results:0.9723; eval results:0.5389
Step3: saving and testing on the 2 folder
>>>>> Finish: training on the 2-th folder, best_index: 13, duration: 483.5897786617279 >>>>>
>>>>> Cross-validation: training on the 3 folder >>>>>
Step1: build model (each folder has its own model)
Step2: training (multiple epoches)
epoch:1; metric:emoval; train results:-0.1729; eval results:0.3613
epoch:2; metric:emoval; train results:0.3682; eval results:0.4554
epoch:3; metric:emoval; train results:0.5013; eval results:0.5649
epoch:4; metric:emoval; train results:0.5909; eval results:0.4537
epoch:5; metric:emoval; train results:0.6109; eval results:0.5513
epoch:6; metric:emoval; train results:0.6675; eval results:0.5816
epoch:7; metric:emoval; train results:0.7127; eval results:0.5811
epoch:8; metric:emoval; train results:0.7384; eval results:0.6001
epoch:9; metric:emoval; train results:0.7704; eval results:0.5422
epoch:10; metric:emoval; train results:0.7675; eval results:0.5769
epoch:11; metric:emoval; train results:0.8174; eval results:0.5878
epoch:12; metric:emoval; train results:0.8177; eval results:0.5508
epoch:13; metric:emoval; train results:0.8459; eval results:0.5903
epoch:14; metric:emoval; train results:0.8295; eval results:0.5617
epoch:15; metric:emoval; train results:0.8743; eval results:0.6011
epoch:16; metric:emoval; train results:0.8747; eval results:0.5594
epoch:17; metric:emoval; train results:0.8685; eval results:0.5308
epoch:18; metric:emoval; train results:0.8666; eval results:0.5872
epoch:19; metric:emoval; train results:0.8827; eval results:0.5820
epoch:20; metric:emoval; train results:0.8940; eval results:0.5957
epoch:21; metric:emoval; train results:0.8947; eval results:0.5936
epoch:22; metric:emoval; train results:0.9001; eval results:0.5790
epoch:23; metric:emoval; train results:0.9106; eval results:0.5795
epoch:24; metric:emoval; train results:0.9153; eval results:0.5872
epoch:25; metric:emoval; train results:0.8958; eval results:0.5995
epoch:26; metric:emoval; train results:0.9123; eval results:0.5630
epoch:27; metric:emoval; train results:0.9086; eval results:0.5977
epoch:28; metric:emoval; train results:0.9091; eval results:0.5735
epoch:29; metric:emoval; train results:0.9119; eval results:0.5769
epoch:30; metric:emoval; train results:0.9268; eval results:0.5719
epoch:31; metric:emoval; train results:0.9275; eval results:0.6195
epoch:32; metric:emoval; train results:0.9345; eval results:0.6087
epoch:33; metric:emoval; train results:0.9416; eval results:0.6088
epoch:34; metric:emoval; train results:0.9311; eval results:0.6016
epoch:35; metric:emoval; train results:0.9271; eval results:0.5620
epoch:36; metric:emoval; train results:0.9264; eval results:0.5874
epoch:37; metric:emoval; train results:0.9456; eval results:0.6016
epoch:38; metric:emoval; train results:0.9418; eval results:0.5767
epoch:39; metric:emoval; train results:0.9366; eval results:0.5723
epoch:40; metric:emoval; train results:0.9451; eval results:0.5698
epoch:41; metric:emoval; train results:0.9422; eval results:0.5715
epoch:42; metric:emoval; train results:0.9349; eval results:0.5905
epoch:43; metric:emoval; train results:0.9306; eval results:0.5623
epoch:44; metric:emoval; train results:0.9189; eval results:0.5925
epoch:45; metric:emoval; train results:0.9460; eval results:0.5781
epoch:46; metric:emoval; train results:0.9443; eval results:0.5946
epoch:47; metric:emoval; train results:0.9527; eval results:0.5549
epoch:48; metric:emoval; train results:0.9476; eval results:0.5839
epoch:49; metric:emoval; train results:0.9468; eval results:0.5728
epoch:50; metric:emoval; train results:0.9371; eval results:0.5552
epoch:51; metric:emoval; train results:0.9439; eval results:0.5791
epoch:52; metric:emoval; train results:0.9467; eval results:0.6034
epoch:53; metric:emoval; train results:0.9479; eval results:0.5837
epoch:54; metric:emoval; train results:0.9372; eval results:0.5533
epoch:55; metric:emoval; train results:0.9391; eval results:0.5660
epoch:56; metric:emoval; train results:0.9478; eval results:0.5830
epoch:57; metric:emoval; train results:0.9533; eval results:0.5784
epoch:58; metric:emoval; train results:0.9520; eval results:0.5878
epoch:59; metric:emoval; train results:0.9552; eval results:0.5759
epoch:60; metric:emoval; train results:0.9597; eval results:0.5863
epoch:61; metric:emoval; train results:0.9560; eval results:0.5768
epoch:62; metric:emoval; train results:0.9583; eval results:0.5810
epoch:63; metric:emoval; train results:0.9572; eval results:0.5937
epoch:64; metric:emoval; train results:0.9576; eval results:0.5788
epoch:65; metric:emoval; train results:0.9454; eval results:0.5839
epoch:66; metric:emoval; train results:0.9586; eval results:0.5740
epoch:67; metric:emoval; train results:0.9590; eval results:0.5635
epoch:68; metric:emoval; train results:0.9591; eval results:0.5754
epoch:69; metric:emoval; train results:0.9679; eval results:0.5824
epoch:70; metric:emoval; train results:0.9534; eval results:0.5325
epoch:71; metric:emoval; train results:0.9550; eval results:0.5678
epoch:72; metric:emoval; train results:0.9535; eval results:0.5848
epoch:73; metric:emoval; train results:0.9563; eval results:0.5555
epoch:74; metric:emoval; train results:0.9636; eval results:0.5830
epoch:75; metric:emoval; train results:0.9671; eval results:0.5796
epoch:76; metric:emoval; train results:0.9626; eval results:0.5679
epoch:77; metric:emoval; train results:0.9531; eval results:0.4836
epoch:78; metric:emoval; train results:0.9512; eval results:0.5748
epoch:79; metric:emoval; train results:0.9591; eval results:0.5803
epoch:80; metric:emoval; train results:0.9575; eval results:0.5579
epoch:81; metric:emoval; train results:0.9627; eval results:0.5729
epoch:82; metric:emoval; train results:0.9656; eval results:0.5648
epoch:83; metric:emoval; train results:0.9694; eval results:0.5654
epoch:84; metric:emoval; train results:0.9593; eval results:0.5535
epoch:85; metric:emoval; train results:0.9548; eval results:0.5485
epoch:86; metric:emoval; train results:0.9607; eval results:0.5364
epoch:87; metric:emoval; train results:0.9646; eval results:0.5675
epoch:88; metric:emoval; train results:0.9730; eval results:0.5773
epoch:89; metric:emoval; train results:0.9671; eval results:0.5678
epoch:90; metric:emoval; train results:0.9635; eval results:0.5504
epoch:91; metric:emoval; train results:0.9494; eval results:0.5480
epoch:92; metric:emoval; train results:0.9499; eval results:0.5569
epoch:93; metric:emoval; train results:0.9619; eval results:0.5957
epoch:94; metric:emoval; train results:0.9632; eval results:0.5545
epoch:95; metric:emoval; train results:0.9576; eval results:0.5288
epoch:96; metric:emoval; train results:0.9653; eval results:0.5859
epoch:97; metric:emoval; train results:0.9708; eval results:0.5748
epoch:98; metric:emoval; train results:0.9709; eval results:0.5714
epoch:99; metric:emoval; train results:0.9740; eval results:0.5743
epoch:100; metric:emoval; train results:0.9663; eval results:0.5789
Step3: saving and testing on the 3 folder
>>>>> Finish: training on the 3-th folder, best_index: 30, duration: 467.40522956848145 >>>>>
>>>>> Cross-validation: training on the 4 folder >>>>>
Step1: build model (each folder has its own model)
Step2: training (multiple epoches)
epoch:1; metric:emoval; train results:-0.1373; eval results:0.4473
epoch:2; metric:emoval; train results:0.4030; eval results:0.5089
epoch:3; metric:emoval; train results:0.5389; eval results:0.5529
epoch:4; metric:emoval; train results:0.6035; eval results:0.5823
epoch:5; metric:emoval; train results:0.6495; eval results:0.5421
epoch:6; metric:emoval; train results:0.6857; eval results:0.5438
epoch:7; metric:emoval; train results:0.7327; eval results:0.5387
epoch:8; metric:emoval; train results:0.7545; eval results:0.5867
epoch:9; metric:emoval; train results:0.7990; eval results:0.5516
epoch:10; metric:emoval; train results:0.7990; eval results:0.5505
epoch:11; metric:emoval; train results:0.8120; eval results:0.5655
epoch:12; metric:emoval; train results:0.8322; eval results:0.5762
epoch:13; metric:emoval; train results:0.8445; eval results:0.5920
epoch:14; metric:emoval; train results:0.8474; eval results:0.5653
epoch:15; metric:emoval; train results:0.8712; eval results:0.5705
epoch:16; metric:emoval; train results:0.8669; eval results:0.5441
epoch:17; metric:emoval; train results:0.8750; eval results:0.5673
epoch:18; metric:emoval; train results:0.8869; eval results:0.5656
epoch:19; metric:emoval; train results:0.8964; eval results:0.5281
epoch:20; metric:emoval; train results:0.8955; eval results:0.4856
epoch:21; metric:emoval; train results:0.8985; eval results:0.5631
epoch:22; metric:emoval; train results:0.9108; eval results:0.5427
epoch:23; metric:emoval; train results:0.9154; eval results:0.5656
epoch:24; metric:emoval; train results:0.9250; eval results:0.5344
epoch:25; metric:emoval; train results:0.9296; eval results:0.5672
epoch:26; metric:emoval; train results:0.9215; eval results:0.5434
epoch:27; metric:emoval; train results:0.9050; eval results:0.5025
epoch:28; metric:emoval; train results:0.9349; eval results:0.5129
epoch:29; metric:emoval; train results:0.9193; eval results:0.5671
epoch:30; metric:emoval; train results:0.8953; eval results:0.5517
epoch:31; metric:emoval; train results:0.9200; eval results:0.5701
epoch:32; metric:emoval; train results:0.9392; eval results:0.5515
epoch:33; metric:emoval; train results:0.9343; eval results:0.5892
epoch:34; metric:emoval; train results:0.9327; eval results:0.5757
epoch:35; metric:emoval; train results:0.9501; eval results:0.5777
epoch:36; metric:emoval; train results:0.9492; eval results:0.5809
epoch:37; metric:emoval; train results:0.9549; eval results:0.5540
epoch:38; metric:emoval; train results:0.9521; eval results:0.5317
epoch:39; metric:emoval; train results:0.9412; eval results:0.5664
epoch:40; metric:emoval; train results:0.9491; eval results:0.5578
epoch:41; metric:emoval; train results:0.9295; eval results:0.5370
epoch:42; metric:emoval; train results:0.9297; eval results:0.5709
epoch:43; metric:emoval; train results:0.9438; eval results:0.5560
epoch:44; metric:emoval; train results:0.9479; eval results:0.5527
epoch:45; metric:emoval; train results:0.9504; eval results:0.5423
epoch:46; metric:emoval; train results:0.9584; eval results:0.5372
epoch:47; metric:emoval; train results:0.9453; eval results:0.5586
epoch:48; metric:emoval; train results:0.9530; eval results:0.5529
epoch:49; metric:emoval; train results:0.9583; eval results:0.5257
epoch:50; metric:emoval; train results:0.9554; eval results:0.5670
epoch:51; metric:emoval; train results:0.9561; eval results:0.5329
epoch:52; metric:emoval; train results:0.9565; eval results:0.5513
epoch:53; metric:emoval; train results:0.9608; eval results:0.5273
epoch:54; metric:emoval; train results:0.9570; eval results:0.5166
epoch:55; metric:emoval; train results:0.9453; eval results:0.5539
epoch:56; metric:emoval; train results:0.9597; eval results:0.5719
epoch:57; metric:emoval; train results:0.9559; eval results:0.5456
epoch:58; metric:emoval; train results:0.9602; eval results:0.5292
epoch:59; metric:emoval; train results:0.9602; eval results:0.5455
epoch:60; metric:emoval; train results:0.9461; eval results:0.5419
epoch:61; metric:emoval; train results:0.9565; eval results:0.5262
epoch:62; metric:emoval; train results:0.9674; eval results:0.5217
epoch:63; metric:emoval; train results:0.9632; eval results:0.5362
epoch:64; metric:emoval; train results:0.9593; eval results:0.5563
epoch:65; metric:emoval; train results:0.9648; eval results:0.5467
epoch:66; metric:emoval; train results:0.9605; eval results:0.5495
epoch:67; metric:emoval; train results:0.9387; eval results:0.5364
epoch:68; metric:emoval; train results:0.9506; eval results:0.5543
epoch:69; metric:emoval; train results:0.9644; eval results:0.5336
epoch:70; metric:emoval; train results:0.9632; eval results:0.4803
epoch:71; metric:emoval; train results:0.9610; eval results:0.5363
epoch:72; metric:emoval; train results:0.9658; eval results:0.5265
epoch:73; metric:emoval; train results:0.9677; eval results:0.5398
epoch:74; metric:emoval; train results:0.9673; eval results:0.5358
epoch:75; metric:emoval; train results:0.9609; eval results:0.5236
epoch:76; metric:emoval; train results:0.9650; eval results:0.5420
epoch:77; metric:emoval; train results:0.9613; eval results:0.5519
epoch:78; metric:emoval; train results:0.9662; eval results:0.5554
epoch:79; metric:emoval; train results:0.9659; eval results:0.5461
epoch:80; metric:emoval; train results:0.9697; eval results:0.5377
epoch:81; metric:emoval; train results:0.9743; eval results:0.4753
epoch:82; metric:emoval; train results:0.9531; eval results:0.5303
epoch:83; metric:emoval; train results:0.9622; eval results:0.5378
epoch:84; metric:emoval; train results:0.9361; eval results:0.5281
epoch:85; metric:emoval; train results:0.9627; eval results:0.5376
epoch:86; metric:emoval; train results:0.9646; eval results:0.5173
epoch:87; metric:emoval; train results:0.9666; eval results:0.5834
epoch:88; metric:emoval; train results:0.9595; eval results:0.5432
epoch:89; metric:emoval; train results:0.9702; eval results:0.5617
epoch:90; metric:emoval; train results:0.9687; eval results:0.5658
epoch:91; metric:emoval; train results:0.9648; eval results:0.5231
epoch:92; metric:emoval; train results:0.9726; eval results:0.5388
epoch:93; metric:emoval; train results:0.9680; eval results:0.5167
epoch:94; metric:emoval; train results:0.9689; eval results:0.5215
epoch:95; metric:emoval; train results:0.9633; eval results:0.5480
epoch:96; metric:emoval; train results:0.9656; eval results:0.5162
epoch:97; metric:emoval; train results:0.9756; eval results:0.5587
epoch:98; metric:emoval; train results:0.9744; eval results:0.5807
epoch:99; metric:emoval; train results:0.9746; eval results:0.5258
epoch:100; metric:emoval; train results:0.9695; eval results:0.5582
Step3: saving and testing on the 4 folder
>>>>> Finish: training on the 4-th folder, best_index: 12, duration: 455.6943368911743 >>>>>
>>>>> Cross-validation: training on the 5 folder >>>>>
Step1: build model (each folder has its own model)
Step2: training (multiple epoches)
epoch:1; metric:emoval; train results:-0.2317; eval results:0.2388
epoch:2; metric:emoval; train results:0.3711; eval results:0.4680
epoch:3; metric:emoval; train results:0.5241; eval results:0.5036
epoch:4; metric:emoval; train results:0.5806; eval results:0.5127
epoch:5; metric:emoval; train results:0.6412; eval results:0.5240
epoch:6; metric:emoval; train results:0.6860; eval results:0.5356
epoch:7; metric:emoval; train results:0.7214; eval results:0.5352
epoch:8; metric:emoval; train results:0.7588; eval results:0.5166
epoch:9; metric:emoval; train results:0.7787; eval results:0.4884
epoch:10; metric:emoval; train results:0.7832; eval results:0.4835
epoch:11; metric:emoval; train results:0.8148; eval results:0.5323
epoch:12; metric:emoval; train results:0.8221; eval results:0.5280
epoch:13; metric:emoval; train results:0.8373; eval results:0.5252
epoch:14; metric:emoval; train results:0.8471; eval results:0.5375
epoch:15; metric:emoval; train results:0.8598; eval results:0.5210
epoch:16; metric:emoval; train results:0.8612; eval results:0.5434
epoch:17; metric:emoval; train results:0.8959; eval results:0.5517
epoch:18; metric:emoval; train results:0.8993; eval results:0.5508
epoch:19; metric:emoval; train results:0.8858; eval results:0.5580
epoch:20; metric:emoval; train results:0.8929; eval results:0.5297
epoch:21; metric:emoval; train results:0.9202; eval results:0.5608
epoch:22; metric:emoval; train results:0.9017; eval results:0.5233
epoch:23; metric:emoval; train results:0.9064; eval results:0.5510
epoch:24; metric:emoval; train results:0.9095; eval results:0.5495
epoch:25; metric:emoval; train results:0.9144; eval results:0.5355
epoch:26; metric:emoval; train results:0.9195; eval results:0.5415
epoch:27; metric:emoval; train results:0.9244; eval results:0.5888
epoch:28; metric:emoval; train results:0.9319; eval results:0.5726
epoch:29; metric:emoval; train results:0.9267; eval results:0.5482
epoch:30; metric:emoval; train results:0.9177; eval results:0.5582
epoch:31; metric:emoval; train results:0.9256; eval results:0.5495
epoch:32; metric:emoval; train results:0.9376; eval results:0.5621
epoch:33; metric:emoval; train results:0.9420; eval results:0.5633
epoch:34; metric:emoval; train results:0.9407; eval results:0.5429
epoch:35; metric:emoval; train results:0.9253; eval results:0.5604
epoch:36; metric:emoval; train results:0.9429; eval results:0.5198
epoch:37; metric:emoval; train results:0.9439; eval results:0.5388
epoch:38; metric:emoval; train results:0.9518; eval results:0.5108
epoch:39; metric:emoval; train results:0.9393; eval results:0.5391
epoch:40; metric:emoval; train results:0.9532; eval results:0.5657
epoch:41; metric:emoval; train results:0.9407; eval results:0.5400
epoch:42; metric:emoval; train results:0.9346; eval results:0.5434
epoch:43; metric:emoval; train results:0.9344; eval results:0.5347
epoch:44; metric:emoval; train results:0.9437; eval results:0.5195
epoch:45; metric:emoval; train results:0.9450; eval results:0.5547
epoch:46; metric:emoval; train results:0.9483; eval results:0.5664
epoch:47; metric:emoval; train results:0.9459; eval results:0.5450
epoch:48; metric:emoval; train results:0.9468; eval results:0.5317
epoch:49; metric:emoval; train results:0.9485; eval results:0.5310
epoch:50; metric:emoval; train results:0.9482; eval results:0.5689
epoch:51; metric:emoval; train results:0.9450; eval results:0.5243
epoch:52; metric:emoval; train results:0.9494; eval results:0.5413
epoch:53; metric:emoval; train results:0.9571; eval results:0.5449
epoch:54; metric:emoval; train results:0.9488; eval results:0.5192
epoch:55; metric:emoval; train results:0.9455; eval results:0.5557
epoch:56; metric:emoval; train results:0.9606; eval results:0.5431
epoch:57; metric:emoval; train results:0.9557; eval results:0.5257
epoch:58; metric:emoval; train results:0.9521; eval results:0.5493
epoch:59; metric:emoval; train results:0.9601; eval results:0.5287
epoch:60; metric:emoval; train results:0.9633; eval results:0.5353
epoch:61; metric:emoval; train results:0.9578; eval results:0.5290
epoch:62; metric:emoval; train results:0.9469; eval results:0.5227
epoch:63; metric:emoval; train results:0.9521; eval results:0.5675
epoch:64; metric:emoval; train results:0.9608; eval results:0.5565
epoch:65; metric:emoval; train results:0.9549; eval results:0.5399
epoch:66; metric:emoval; train results:0.9590; eval results:0.5700
epoch:67; metric:emoval; train results:0.9478; eval results:0.5421
epoch:68; metric:emoval; train results:0.9455; eval results:0.5516
epoch:69; metric:emoval; train results:0.9619; eval results:0.5468
epoch:70; metric:emoval; train results:0.9615; eval results:0.5405
epoch:71; metric:emoval; train results:0.9618; eval results:0.5597
epoch:72; metric:emoval; train results:0.9640; eval results:0.5384
epoch:73; metric:emoval; train results:0.9520; eval results:0.5292
epoch:74; metric:emoval; train results:0.9559; eval results:0.5320
epoch:75; metric:emoval; train results:0.9663; eval results:0.5327
epoch:76; metric:emoval; train results:0.9614; eval results:0.5651
epoch:77; metric:emoval; train results:0.9639; eval results:0.5576
epoch:78; metric:emoval; train results:0.9573; eval results:0.5238
epoch:79; metric:emoval; train results:0.9680; eval results:0.5479
epoch:80; metric:emoval; train results:0.9644; eval results:0.5189
epoch:81; metric:emoval; train results:0.9623; eval results:0.5356
epoch:82; metric:emoval; train results:0.9595; eval results:0.5677
epoch:83; metric:emoval; train results:0.9534; eval results:0.5771
epoch:84; metric:emoval; train results:0.9598; eval results:0.5613
epoch:85; metric:emoval; train results:0.9742; eval results:0.5449
epoch:86; metric:emoval; train results:0.9676; eval results:0.5235
epoch:87; metric:emoval; train results:0.9476; eval results:0.5338
epoch:88; metric:emoval; train results:0.9657; eval results:0.5395
epoch:89; metric:emoval; train results:0.9629; eval results:0.5512
epoch:90; metric:emoval; train results:0.9575; eval results:0.5670
epoch:91; metric:emoval; train results:0.9596; eval results:0.5650
epoch:92; metric:emoval; train results:0.9704; eval results:0.5545
epoch:93; metric:emoval; train results:0.9667; eval results:0.5590
epoch:94; metric:emoval; train results:0.9689; eval results:0.5424
epoch:95; metric:emoval; train results:0.9685; eval results:0.5087
epoch:96; metric:emoval; train results:0.9692; eval results:0.5539
epoch:97; metric:emoval; train results:0.9656; eval results:0.5458
epoch:98; metric:emoval; train results:0.9724; eval results:0.5597
epoch:99; metric:emoval; train results:0.9745; eval results:0.5710
epoch:100; metric:emoval; train results:0.9677; eval results:0.5516
Step3: saving and testing on the 5 folder
>>>>> Finish: training on the 5-th folder, best_index: 26, duration: 478.6086039543152 >>>>>
====== Prediction and Saving =======
save results in ./saved_grid_repeat_b/cand01_hd128_do0.3_lr0.001/rep01-trimodal/result/cv_features:Baichuan-13B-Base-UTT+chinese-hubert-large-UTT+clip-vit-large-patch14-UTT_dataset:MER2023_model:attention+utt+None_f1:0.7599_acc:0.7590_val:0.6514_1771810622.6685455.npz
save results in ./saved_grid_repeat_b/cand01_hd128_do0.3_lr0.001/rep01-trimodal/result/test1_features:Baichuan-13B-Base-UTT+chinese-hubert-large-UTT+clip-vit-large-patch14-UTT_dataset:MER2023_model:attention+utt+None_f1:0.8206_acc:0.8200_val:0.6457_1771810622.6685455.npz
save results in ./saved_grid_repeat_b/cand01_hd128_do0.3_lr0.001/rep01-trimodal/result/test2_features:Baichuan-13B-Base-UTT+chinese-hubert-large-UTT+clip-vit-large-patch14-UTT_dataset:MER2023_model:attention+utt+None_f1:0.7524_acc:0.7549_val:0.6447_1771810622.6685455.npz
save results in ./saved_grid_repeat_b/cand01_hd128_do0.3_lr0.001/rep01-trimodal/result/test3_features:Baichuan-13B-Base-UTT+chinese-hubert-large-UTT+clip-vit-large-patch14-UTT_dataset:MER2023_model:attention+utt+None_f1:0.8872_acc:0.8873_val:79.1454_1771810622.6685455.npz

====================================================================================================
running cand01_hd128_do0.3_lr0.001_rep02
/root/miniconda3/bin/python -u main-release.py --model=attention --dataset=MER2023 --feat_type=utt --audio_feature=chinese-hubert-large-UTT --text_feature=Baichuan-13B-Base-UTT --video_feature=clip-vit-large-patch14-UTT --hyper_path=/root/autodl-tmp/MERTools-master/MERBench/logs/attention_grid_repeat_b/hparams/cand01_hd128_do0.3_lr0.001.yaml --l2=1e-05 --epochs=100 --batch_size=32 --num_workers=0 --gpu=0 --seed=4408 --save_root=./saved_grid_repeat_b/cand01_hd128_do0.3_lr0.001/rep02
====================================================================================================
set global seed to 4408
====== Params Pre-analysis =======
args:  Namespace(audio_feature='chinese-hubert-large-UTT', batch_size=32, dataset='MER2023', debug=False, dropout=0.3, e2e_dim=None, e2e_name=None, epochs=100, feat_scale=1, feat_type='utt', gpu=0, grad_clip=-1.0, hidden_dim=128, hyper_path='/root/autodl-tmp/MERTools-master/MERBench/logs/attention_grid_repeat_b/hparams/cand01_hd128_do0.3_lr0.001.yaml', l2=1e-05, lr=0.001, lr_adjust='case1', model='attention', n_classes=None, num_workers=0, print_iters=100000000.0, save_iters=100000000.0, save_root='./saved_grid_repeat_b/cand01_hd128_do0.3_lr0.001/rep02-trimodal', savemodel=False, seed=4408, test_dataset=None, text_feature='Baichuan-13B-Base-UTT', train_dataset=None, video_feature='clip-vit-large-patch14-UTT')
====== Reading Data =======
train: sample number 3373
audio feature root: /root/autodl-tmp/MERTools-master/MERBench/dataset/mer2023-dataset-process/features/chinese-hubert-large-UTT

  0%|          | 0/3373 [00:00<?, ?it/s]
  9%|▉         | 320/3373 [00:00<00:01, 1790.20it/s]
 18%|█▊        | 594/3373 [00:00<00:01, 2199.96it/s]
 25%|██▍       | 827/3373 [00:00<00:01, 2114.76it/s]
 31%|███       | 1045/3373 [00:00<00:01, 1680.41it/s]
 37%|███▋      | 1251/3373 [00:00<00:01, 1784.70it/s]
 43%|████▎     | 1443/3373 [00:00<00:01, 1822.35it/s]
 48%|████▊     | 1633/3373 [00:00<00:00, 1785.19it/s]
 54%|█████▍    | 1817/3373 [00:00<00:00, 1754.59it/s]
 61%|██████    | 2045/3373 [00:01<00:00, 1899.93it/s]
 66%|██████▋   | 2241/3373 [00:01<00:00, 1915.21it/s]
 74%|███████▍  | 2509/3373 [00:01<00:00, 2137.41it/s]
 81%|████████  | 2738/3373 [00:01<00:00, 1796.90it/s]
 88%|████████▊ | 2956/3373 [00:01<00:00, 1893.36it/s]
 95%|█████████▌| 3211/3373 [00:01<00:00, 2069.02it/s]
100%|██████████| 3373/3373 [00:01<00:00, 1997.83it/s]
Input feature chinese-hubert-large-UTT ===> dim is (1, 1024)

  0%|          | 0/3373 [00:00<?, ?it/s]
  8%|▊         | 278/3373 [00:00<00:01, 2779.70it/s]
 16%|█▋        | 556/3373 [00:00<00:01, 1784.11it/s]
 22%|██▏       | 755/3373 [00:00<00:01, 1432.20it/s]
 27%|██▋       | 913/3373 [00:00<00:01, 1442.20it/s]
 32%|███▏      | 1080/3373 [00:00<00:01, 1502.69it/s]
 37%|███▋      | 1238/3373 [00:00<00:01, 1496.75it/s]
 41%|████▏     | 1394/3373 [00:00<00:01, 1513.31it/s]
 46%|████▌     | 1559/3373 [00:00<00:01, 1552.32it/s]
 52%|█████▏    | 1752/3373 [00:01<00:00, 1661.24it/s]
 57%|█████▋    | 1921/3373 [00:01<00:00, 1662.29it/s]
 62%|██████▏   | 2094/3373 [00:01<00:00, 1681.91it/s]
 67%|██████▋   | 2264/3373 [00:01<00:00, 1686.14it/s]
 72%|███████▏  | 2445/3373 [00:01<00:00, 1722.46it/s]
 78%|███████▊  | 2618/3373 [00:01<00:00, 1720.93it/s]
 83%|████████▎ | 2791/3373 [00:01<00:00, 1718.37it/s]
 88%|████████▊ | 2964/3373 [00:01<00:00, 1697.51it/s]
 93%|█████████▎| 3140/3373 [00:01<00:00, 1715.61it/s]
 99%|█████████▉| 3350/3373 [00:02<00:00, 1829.11it/s]
100%|██████████| 3373/3373 [00:02<00:00, 1622.83it/s]
Input feature Baichuan-13B-Base-UTT ===> dim is (1, 5120)

  0%|          | 0/3373 [00:00<?, ?it/s]
 14%|█▍        | 487/3373 [00:00<00:00, 3050.93it/s]
 24%|██▎       | 793/3373 [00:00<00:00, 2941.31it/s]
 33%|███▎      | 1105/3373 [00:00<00:00, 3001.24it/s]
 42%|████▏     | 1405/3373 [00:00<00:00, 2924.34it/s]
 50%|█████     | 1697/3373 [00:00<00:00, 2890.86it/s]
 59%|█████▉    | 1986/3373 [00:00<00:00, 2290.23it/s]
 67%|██████▋   | 2267/3373 [00:00<00:00, 2428.43it/s]
 75%|███████▌  | 2532/3373 [00:00<00:00, 2479.60it/s]
 83%|████████▎ | 2790/3373 [00:01<00:00, 2462.96it/s]
 92%|█████████▏| 3119/3373 [00:01<00:00, 2692.26it/s]
100%|██████████| 3373/3373 [00:01<00:00, 2667.43it/s]
Input feature clip-vit-large-patch14-UTT ===> dim is (1, 768)
test1: sample number 411
audio feature root: /root/autodl-tmp/MERTools-master/MERBench/dataset/mer2023-dataset-process/features/chinese-hubert-large-UTT

  0%|          | 0/411 [00:00<?, ?it/s]
 95%|█████████▌| 391/411 [00:00<00:00, 3903.23it/s]
100%|██████████| 411/411 [00:00<00:00, 4012.20it/s]
Input feature chinese-hubert-large-UTT ===> dim is (1, 1024)

  0%|          | 0/411 [00:00<?, ?it/s]
100%|██████████| 411/411 [00:00<00:00, 13408.98it/s]
Input feature Baichuan-13B-Base-UTT ===> dim is (1, 5120)

  0%|          | 0/411 [00:00<?, ?it/s]
 99%|█████████▊| 405/411 [00:00<00:00, 4036.34it/s]
100%|██████████| 411/411 [00:00<00:00, 4058.98it/s]
Input feature clip-vit-large-patch14-UTT ===> dim is (1, 768)
test2: sample number 412
audio feature root: /root/autodl-tmp/MERTools-master/MERBench/dataset/mer2023-dataset-process/features/chinese-hubert-large-UTT

  0%|          | 0/412 [00:00<?, ?it/s]
 90%|█████████ | 372/412 [00:00<00:00, 3701.97it/s]
100%|██████████| 412/412 [00:00<00:00, 4073.55it/s]
Input feature chinese-hubert-large-UTT ===> dim is (1, 1024)

  0%|          | 0/412 [00:00<?, ?it/s]
 79%|███████▉  | 325/412 [00:00<00:00, 3247.53it/s]
100%|██████████| 412/412 [00:00<00:00, 2306.51it/s]
Input feature Baichuan-13B-Base-UTT ===> dim is (1, 5120)

  0%|          | 0/412 [00:00<?, ?it/s]
 76%|███████▌  | 313/412 [00:00<00:00, 3127.41it/s]
100%|██████████| 412/412 [00:00<00:00, 3776.50it/s]
Input feature clip-vit-large-patch14-UTT ===> dim is (1, 768)
test3: sample number 834
audio feature root: /root/autodl-tmp/MERTools-master/MERBench/dataset/mer2023-dataset-process/features/chinese-hubert-large-UTT

  0%|          | 0/834 [00:00<?, ?it/s]
 29%|██▊       | 238/834 [00:00<00:00, 2299.86it/s]
 56%|█████▌    | 468/834 [00:00<00:00, 2241.63it/s]
 87%|████████▋ | 722/834 [00:00<00:00, 2373.98it/s]
100%|██████████| 834/834 [00:00<00:00, 2608.66it/s]
Input feature chinese-hubert-large-UTT ===> dim is (1, 1024)

  0%|          | 0/834 [00:00<?, ?it/s]
 15%|█▌        | 129/834 [00:00<00:00, 1244.86it/s]
 35%|███▌      | 294/834 [00:00<00:00, 1473.63it/s]
 53%|█████▎    | 444/834 [00:00<00:00, 1484.51it/s]
 82%|████████▏ | 686/834 [00:00<00:00, 1851.04it/s]
100%|██████████| 834/834 [00:00<00:00, 1990.16it/s]
Input feature Baichuan-13B-Base-UTT ===> dim is (1, 5120)

  0%|          | 0/834 [00:00<?, ?it/s]
 65%|██████▍   | 538/834 [00:00<00:00, 5359.70it/s]
100%|██████████| 834/834 [00:00<00:00, 6943.18it/s]
Input feature clip-vit-large-patch14-UTT ===> dim is (1, 768)
train&val folder:5; test sets:3
audio dimension: 1024; text dimension: 5120; video dimension: 768
====== Training and Evaluation =======
>>>>> Cross-validation: training on the 1 folder >>>>>
Step1: build model (each folder has its own model)
Step2: training (multiple epoches)
epoch:1; metric:emoval; train results:-0.1884; eval results:0.2747
epoch:2; metric:emoval; train results:0.3698; eval results:0.5099
epoch:3; metric:emoval; train results:0.4975; eval results:0.5085
epoch:4; metric:emoval; train results:0.5653; eval results:0.5396
epoch:5; metric:emoval; train results:0.6433; eval results:0.5114
epoch:6; metric:emoval; train results:0.6749; eval results:0.5867
epoch:7; metric:emoval; train results:0.7156; eval results:0.5413
epoch:8; metric:emoval; train results:0.7509; eval results:0.5629
epoch:9; metric:emoval; train results:0.7892; eval results:0.5471
epoch:10; metric:emoval; train results:0.7964; eval results:0.5490
epoch:11; metric:emoval; train results:0.8088; eval results:0.5730
epoch:12; metric:emoval; train results:0.8309; eval results:0.5736
epoch:13; metric:emoval; train results:0.8335; eval results:0.5774
epoch:14; metric:emoval; train results:0.8563; eval results:0.5738
epoch:15; metric:emoval; train results:0.8635; eval results:0.5373
epoch:16; metric:emoval; train results:0.8636; eval results:0.5620
epoch:17; metric:emoval; train results:0.8729; eval results:0.5339
epoch:18; metric:emoval; train results:0.8797; eval results:0.5632
epoch:19; metric:emoval; train results:0.8817; eval results:0.5765
epoch:20; metric:emoval; train results:0.8936; eval results:0.5556
epoch:21; metric:emoval; train results:0.9088; eval results:0.5833
epoch:22; metric:emoval; train results:0.9099; eval results:0.5615
epoch:23; metric:emoval; train results:0.9079; eval results:0.5558
epoch:24; metric:emoval; train results:0.9131; eval results:0.5501
epoch:25; metric:emoval; train results:0.9149; eval results:0.5579
epoch:26; metric:emoval; train results:0.9218; eval results:0.5692
epoch:27; metric:emoval; train results:0.9179; eval results:0.5642
epoch:28; metric:emoval; train results:0.9119; eval results:0.5477
epoch:29; metric:emoval; train results:0.9235; eval results:0.5406
epoch:30; metric:emoval; train results:0.9405; eval results:0.5592
epoch:31; metric:emoval; train results:0.9060; eval results:0.5742
epoch:32; metric:emoval; train results:0.9153; eval results:0.5498
epoch:33; metric:emoval; train results:0.9060; eval results:0.5770
epoch:34; metric:emoval; train results:0.9367; eval results:0.5192
epoch:35; metric:emoval; train results:0.9200; eval results:0.5651
epoch:36; metric:emoval; train results:0.9295; eval results:0.5478
epoch:37; metric:emoval; train results:0.9459; eval results:0.5588
epoch:38; metric:emoval; train results:0.9440; eval results:0.5500
epoch:39; metric:emoval; train results:0.9477; eval results:0.5576
epoch:40; metric:emoval; train results:0.9309; eval results:0.5449
epoch:41; metric:emoval; train results:0.9462; eval results:0.5620
epoch:42; metric:emoval; train results:0.9581; eval results:0.5676
epoch:43; metric:emoval; train results:0.9510; eval results:0.5360
epoch:44; metric:emoval; train results:0.9536; eval results:0.5643
epoch:45; metric:emoval; train results:0.9110; eval results:0.5436
epoch:46; metric:emoval; train results:0.9449; eval results:0.5614
epoch:47; metric:emoval; train results:0.9479; eval results:0.5789
epoch:48; metric:emoval; train results:0.9551; eval results:0.5700
epoch:49; metric:emoval; train results:0.9546; eval results:0.5632
epoch:50; metric:emoval; train results:0.9532; eval results:0.5390
epoch:51; metric:emoval; train results:0.9536; eval results:0.5728
epoch:52; metric:emoval; train results:0.9577; eval results:0.5778
epoch:53; metric:emoval; train results:0.9550; eval results:0.5784
epoch:54; metric:emoval; train results:0.9550; eval results:0.5512
epoch:55; metric:emoval; train results:0.9422; eval results:0.5660
epoch:56; metric:emoval; train results:0.9557; eval results:0.5544
epoch:57; metric:emoval; train results:0.9578; eval results:0.5897
epoch:58; metric:emoval; train results:0.9598; eval results:0.5547
epoch:59; metric:emoval; train results:0.9579; eval results:0.5890
epoch:60; metric:emoval; train results:0.9618; eval results:0.5347
epoch:61; metric:emoval; train results:0.9587; eval results:0.5716
epoch:62; metric:emoval; train results:0.9595; eval results:0.5611
epoch:63; metric:emoval; train results:0.9531; eval results:0.5259
epoch:64; metric:emoval; train results:0.9490; eval results:0.5657
epoch:65; metric:emoval; train results:0.9506; eval results:0.5659
epoch:66; metric:emoval; train results:0.9543; eval results:0.5447
epoch:67; metric:emoval; train results:0.9589; eval results:0.5799
epoch:68; metric:emoval; train results:0.9628; eval results:0.5635
epoch:69; metric:emoval; train results:0.9677; eval results:0.5772
epoch:70; metric:emoval; train results:0.9679; eval results:0.5578
epoch:71; metric:emoval; train results:0.9611; eval results:0.5507
epoch:72; metric:emoval; train results:0.9691; eval results:0.5701
epoch:73; metric:emoval; train results:0.9709; eval results:0.5484
epoch:74; metric:emoval; train results:0.9630; eval results:0.5607
epoch:75; metric:emoval; train results:0.9546; eval results:0.5824
epoch:76; metric:emoval; train results:0.9649; eval results:0.5689
epoch:77; metric:emoval; train results:0.9509; eval results:0.5540
epoch:78; metric:emoval; train results:0.9479; eval results:0.5501
epoch:79; metric:emoval; train results:0.9574; eval results:0.5197
epoch:80; metric:emoval; train results:0.9670; eval results:0.5524
epoch:81; metric:emoval; train results:0.9673; eval results:0.5463
epoch:82; metric:emoval; train results:0.9696; eval results:0.5743
epoch:83; metric:emoval; train results:0.9641; eval results:0.5388
epoch:84; metric:emoval; train results:0.9645; eval results:0.5506
epoch:85; metric:emoval; train results:0.9635; eval results:0.5719
epoch:86; metric:emoval; train results:0.9598; eval results:0.5662
epoch:87; metric:emoval; train results:0.9591; eval results:0.5668
epoch:88; metric:emoval; train results:0.9430; eval results:0.5740
epoch:89; metric:emoval; train results:0.9587; eval results:0.5339
epoch:90; metric:emoval; train results:0.9640; eval results:0.5692
epoch:91; metric:emoval; train results:0.9707; eval results:0.5710
epoch:92; metric:emoval; train results:0.9679; eval results:0.5480
epoch:93; metric:emoval; train results:0.9490; eval results:0.5445
epoch:94; metric:emoval; train results:0.9516; eval results:0.5615
epoch:95; metric:emoval; train results:0.9662; eval results:0.5706
epoch:96; metric:emoval; train results:0.9700; eval results:0.5658
epoch:97; metric:emoval; train results:0.9727; eval results:0.5563
epoch:98; metric:emoval; train results:0.9442; eval results:0.5620
epoch:99; metric:emoval; train results:0.9287; eval results:0.5582
epoch:100; metric:emoval; train results:0.9573; eval results:0.5630
Step3: saving and testing on the 1 folder
>>>>> Finish: training on the 1-th folder, best_index: 56, duration: 476.1780264377594 >>>>>
>>>>> Cross-validation: training on the 2 folder >>>>>
Step1: build model (each folder has its own model)
Step2: training (multiple epoches)
epoch:1; metric:emoval; train results:-0.1338; eval results:0.2096
epoch:2; metric:emoval; train results:0.3551; eval results:0.3880
epoch:3; metric:emoval; train results:0.5078; eval results:0.4800
epoch:4; metric:emoval; train results:0.5843; eval results:0.5036
epoch:5; metric:emoval; train results:0.6370; eval results:0.5570
epoch:6; metric:emoval; train results:0.6991; eval results:0.4919
epoch:7; metric:emoval; train results:0.7243; eval results:0.5238
epoch:8; metric:emoval; train results:0.7380; eval results:0.5063
epoch:9; metric:emoval; train results:0.7633; eval results:0.5182
epoch:10; metric:emoval; train results:0.7926; eval results:0.5372
epoch:11; metric:emoval; train results:0.7944; eval results:0.5430
epoch:12; metric:emoval; train results:0.8313; eval results:0.5600
epoch:13; metric:emoval; train results:0.8316; eval results:0.5422
epoch:14; metric:emoval; train results:0.8433; eval results:0.5877
epoch:15; metric:emoval; train results:0.8673; eval results:0.5438
epoch:16; metric:emoval; train results:0.8586; eval results:0.5539
epoch:17; metric:emoval; train results:0.8729; eval results:0.5601
epoch:18; metric:emoval; train results:0.8933; eval results:0.5528
epoch:19; metric:emoval; train results:0.9036; eval results:0.5334
epoch:20; metric:emoval; train results:0.9046; eval results:0.5443
epoch:21; metric:emoval; train results:0.8921; eval results:0.5497
epoch:22; metric:emoval; train results:0.8997; eval results:0.5652
epoch:23; metric:emoval; train results:0.9037; eval results:0.5294
epoch:24; metric:emoval; train results:0.9008; eval results:0.5159
epoch:25; metric:emoval; train results:0.9106; eval results:0.5630
epoch:26; metric:emoval; train results:0.9237; eval results:0.5531
epoch:27; metric:emoval; train results:0.9229; eval results:0.5410
epoch:28; metric:emoval; train results:0.9171; eval results:0.5523
epoch:29; metric:emoval; train results:0.9129; eval results:0.5644
epoch:30; metric:emoval; train results:0.9140; eval results:0.5389
epoch:31; metric:emoval; train results:0.9148; eval results:0.5230
epoch:32; metric:emoval; train results:0.9176; eval results:0.5499
epoch:33; metric:emoval; train results:0.9136; eval results:0.5515
epoch:34; metric:emoval; train results:0.9285; eval results:0.5379
epoch:35; metric:emoval; train results:0.9300; eval results:0.5351
epoch:36; metric:emoval; train results:0.9192; eval results:0.5606
epoch:37; metric:emoval; train results:0.9286; eval results:0.5386
epoch:38; metric:emoval; train results:0.9361; eval results:0.5379
epoch:39; metric:emoval; train results:0.9484; eval results:0.5513
epoch:40; metric:emoval; train results:0.9424; eval results:0.5524
epoch:41; metric:emoval; train results:0.9452; eval results:0.5240
epoch:42; metric:emoval; train results:0.9310; eval results:0.5595
epoch:43; metric:emoval; train results:0.9390; eval results:0.5524
epoch:44; metric:emoval; train results:0.9403; eval results:0.5573
epoch:45; metric:emoval; train results:0.9474; eval results:0.5325
epoch:46; metric:emoval; train results:0.9421; eval results:0.5328
epoch:47; metric:emoval; train results:0.9354; eval results:0.5277
epoch:48; metric:emoval; train results:0.9362; eval results:0.5096
epoch:49; metric:emoval; train results:0.9401; eval results:0.5517
epoch:50; metric:emoval; train results:0.9457; eval results:0.5367
epoch:51; metric:emoval; train results:0.9487; eval results:0.5751
epoch:52; metric:emoval; train results:0.9581; eval results:0.5351
epoch:53; metric:emoval; train results:0.9534; eval results:0.5424
epoch:54; metric:emoval; train results:0.9513; eval results:0.5283
epoch:55; metric:emoval; train results:0.9417; eval results:0.5154
epoch:56; metric:emoval; train results:0.9435; eval results:0.5400
epoch:57; metric:emoval; train results:0.9459; eval results:0.5435
epoch:58; metric:emoval; train results:0.9494; eval results:0.5586
epoch:59; metric:emoval; train results:0.9457; eval results:0.4924
epoch:60; metric:emoval; train results:0.9527; eval results:0.5249
epoch:61; metric:emoval; train results:0.9503; eval results:0.5274
epoch:62; metric:emoval; train results:0.9496; eval results:0.5542
epoch:63; metric:emoval; train results:0.9542; eval results:0.5335
epoch:64; metric:emoval; train results:0.9613; eval results:0.5494
epoch:65; metric:emoval; train results:0.9578; eval results:0.5376
epoch:66; metric:emoval; train results:0.9479; eval results:0.5160
epoch:67; metric:emoval; train results:0.9549; eval results:0.5523
epoch:68; metric:emoval; train results:0.9606; eval results:0.5319
epoch:69; metric:emoval; train results:0.9545; eval results:0.5336
epoch:70; metric:emoval; train results:0.9600; eval results:0.5550
epoch:71; metric:emoval; train results:0.9555; eval results:0.5537
epoch:72; metric:emoval; train results:0.9508; eval results:0.5233
epoch:73; metric:emoval; train results:0.9507; eval results:0.5286
epoch:74; metric:emoval; train results:0.9634; eval results:0.5522
epoch:75; metric:emoval; train results:0.9615; eval results:0.5450
epoch:76; metric:emoval; train results:0.9616; eval results:0.5331
epoch:77; metric:emoval; train results:0.9494; eval results:0.5622
epoch:78; metric:emoval; train results:0.9614; eval results:0.5444
epoch:79; metric:emoval; train results:0.9589; eval results:0.5270
epoch:80; metric:emoval; train results:0.9559; eval results:0.5236
epoch:81; metric:emoval; train results:0.9621; eval results:0.5485
epoch:82; metric:emoval; train results:0.9567; eval results:0.5438
epoch:83; metric:emoval; train results:0.9623; eval results:0.5385
epoch:84; metric:emoval; train results:0.9651; eval results:0.5082
epoch:85; metric:emoval; train results:0.9677; eval results:0.5261
epoch:86; metric:emoval; train results:0.9553; eval results:0.5442
epoch:87; metric:emoval; train results:0.9538; eval results:0.5419
epoch:88; metric:emoval; train results:0.9679; eval results:0.5281
epoch:89; metric:emoval; train results:0.9627; eval results:0.5514
epoch:90; metric:emoval; train results:0.9637; eval results:0.5255
epoch:91; metric:emoval; train results:0.9665; eval results:0.5263
epoch:92; metric:emoval; train results:0.9693; eval results:0.5497
epoch:93; metric:emoval; train results:0.9643; eval results:0.5398
epoch:94; metric:emoval; train results:0.9587; eval results:0.5551
epoch:95; metric:emoval; train results:0.9584; eval results:0.5339
epoch:96; metric:emoval; train results:0.9490; eval results:0.5564
epoch:97; metric:emoval; train results:0.9553; eval results:0.5454
epoch:98; metric:emoval; train results:0.9604; eval results:0.5261
epoch:99; metric:emoval; train results:0.9608; eval results:0.5185
epoch:100; metric:emoval; train results:0.9641; eval results:0.5366
Step3: saving and testing on the 2 folder
>>>>> Finish: training on the 2-th folder, best_index: 13, duration: 484.80612802505493 >>>>>
>>>>> Cross-validation: training on the 3 folder >>>>>
Step1: build model (each folder has its own model)
Step2: training (multiple epoches)
epoch:1; metric:emoval; train results:-0.2042; eval results:0.3193
epoch:2; metric:emoval; train results:0.3656; eval results:0.3332
epoch:3; metric:emoval; train results:0.4824; eval results:0.4879
epoch:4; metric:emoval; train results:0.5987; eval results:0.5573
epoch:5; metric:emoval; train results:0.6650; eval results:0.5015
epoch:6; metric:emoval; train results:0.7187; eval results:0.5065
epoch:7; metric:emoval; train results:0.7447; eval results:0.4744
epoch:8; metric:emoval; train results:0.7661; eval results:0.5694
epoch:9; metric:emoval; train results:0.8033; eval results:0.4874
epoch:10; metric:emoval; train results:0.8199; eval results:0.5060
epoch:11; metric:emoval; train results:0.8220; eval results:0.5160
epoch:12; metric:emoval; train results:0.8417; eval results:0.5321
epoch:13; metric:emoval; train results:0.8389; eval results:0.5082
epoch:14; metric:emoval; train results:0.8548; eval results:0.5264
epoch:15; metric:emoval; train results:0.8747; eval results:0.5317
epoch:16; metric:emoval; train results:0.8787; eval results:0.5370
epoch:17; metric:emoval; train results:0.8826; eval results:0.5432
epoch:18; metric:emoval; train results:0.9027; eval results:0.5190
epoch:19; metric:emoval; train results:0.9113; eval results:0.5264
epoch:20; metric:emoval; train results:0.9082; eval results:0.5536
epoch:21; metric:emoval; train results:0.9236; eval results:0.5547
epoch:22; metric:emoval; train results:0.9222; eval results:0.5308
epoch:23; metric:emoval; train results:0.9145; eval results:0.5322
epoch:24; metric:emoval; train results:0.9179; eval results:0.5402
epoch:25; metric:emoval; train results:0.9312; eval results:0.5111
epoch:26; metric:emoval; train results:0.9249; eval results:0.5330
epoch:27; metric:emoval; train results:0.9347; eval results:0.5613
epoch:28; metric:emoval; train results:0.9355; eval results:0.5131
epoch:29; metric:emoval; train results:0.9243; eval results:0.5440
epoch:30; metric:emoval; train results:0.9325; eval results:0.5388
epoch:31; metric:emoval; train results:0.9263; eval results:0.5506
epoch:32; metric:emoval; train results:0.9338; eval results:0.5219
epoch:33; metric:emoval; train results:0.9457; eval results:0.5356
epoch:34; metric:emoval; train results:0.9365; eval results:0.5214
epoch:35; metric:emoval; train results:0.9462; eval results:0.5449
epoch:36; metric:emoval; train results:0.9440; eval results:0.5383
epoch:37; metric:emoval; train results:0.9449; eval results:0.5155
epoch:38; metric:emoval; train results:0.9397; eval results:0.5490
epoch:39; metric:emoval; train results:0.9392; eval results:0.5503
epoch:40; metric:emoval; train results:0.9513; eval results:0.5512
epoch:41; metric:emoval; train results:0.9522; eval results:0.5514
epoch:42; metric:emoval; train results:0.9365; eval results:0.5092
epoch:43; metric:emoval; train results:0.9435; eval results:0.5509
epoch:44; metric:emoval; train results:0.9549; eval results:0.5508
epoch:45; metric:emoval; train results:0.9560; eval results:0.5647
epoch:46; metric:emoval; train results:0.9509; eval results:0.5474
epoch:47; metric:emoval; train results:0.9484; eval results:0.5281
epoch:48; metric:emoval; train results:0.9432; eval results:0.5460
epoch:49; metric:emoval; train results:0.9537; eval results:0.5248
epoch:50; metric:emoval; train results:0.9475; eval results:0.5531
epoch:51; metric:emoval; train results:0.9545; eval results:0.5412
epoch:52; metric:emoval; train results:0.9547; eval results:0.5199
epoch:53; metric:emoval; train results:0.9535; eval results:0.5095
epoch:54; metric:emoval; train results:0.9480; eval results:0.5471
epoch:55; metric:emoval; train results:0.9479; eval results:0.5309
epoch:56; metric:emoval; train results:0.9516; eval results:0.5641
epoch:57; metric:emoval; train results:0.9563; eval results:0.5420
epoch:58; metric:emoval; train results:0.9564; eval results:0.5446
epoch:59; metric:emoval; train results:0.9562; eval results:0.5472
epoch:60; metric:emoval; train results:0.9588; eval results:0.5359
epoch:61; metric:emoval; train results:0.9543; eval results:0.5421
epoch:62; metric:emoval; train results:0.9609; eval results:0.5430
epoch:63; metric:emoval; train results:0.9638; eval results:0.5158
epoch:64; metric:emoval; train results:0.9575; eval results:0.5374
epoch:65; metric:emoval; train results:0.9548; eval results:0.5391
epoch:66; metric:emoval; train results:0.9532; eval results:0.5119
epoch:67; metric:emoval; train results:0.9569; eval results:0.5412
epoch:68; metric:emoval; train results:0.9608; eval results:0.5384
epoch:69; metric:emoval; train results:0.9583; eval results:0.5362
epoch:70; metric:emoval; train results:0.9581; eval results:0.5329
epoch:71; metric:emoval; train results:0.9368; eval results:0.5329
epoch:72; metric:emoval; train results:0.9537; eval results:0.4961
epoch:73; metric:emoval; train results:0.9589; eval results:0.5133
epoch:74; metric:emoval; train results:0.9654; eval results:0.5260
epoch:75; metric:emoval; train results:0.9669; eval results:0.5069
epoch:76; metric:emoval; train results:0.9675; eval results:0.5486
epoch:77; metric:emoval; train results:0.9726; eval results:0.5453
epoch:78; metric:emoval; train results:0.9641; eval results:0.5336
epoch:79; metric:emoval; train results:0.9740; eval results:0.5381
epoch:80; metric:emoval; train results:0.9702; eval results:0.5468
epoch:81; metric:emoval; train results:0.9673; eval results:0.5088
epoch:82; metric:emoval; train results:0.9665; eval results:0.5256
epoch:83; metric:emoval; train results:0.9689; eval results:0.5123
epoch:84; metric:emoval; train results:0.9701; eval results:0.5341
epoch:85; metric:emoval; train results:0.9641; eval results:0.5166
epoch:86; metric:emoval; train results:0.9644; eval results:0.4817
epoch:87; metric:emoval; train results:0.9619; eval results:0.5160
epoch:88; metric:emoval; train results:0.9662; eval results:0.5573
epoch:89; metric:emoval; train results:0.9710; eval results:0.5205
epoch:90; metric:emoval; train results:0.9737; eval results:0.5492
epoch:91; metric:emoval; train results:0.9772; eval results:0.5592
epoch:92; metric:emoval; train results:0.9759; eval results:0.5478
epoch:93; metric:emoval; train results:0.9676; eval results:0.5458
epoch:94; metric:emoval; train results:0.9687; eval results:0.5666
epoch:95; metric:emoval; train results:0.9637; eval results:0.5526
epoch:96; metric:emoval; train results:0.9717; eval results:0.5404
epoch:97; metric:emoval; train results:0.9749; eval results:0.5504
epoch:98; metric:emoval; train results:0.9715; eval results:0.5342
epoch:99; metric:emoval; train results:0.9740; eval results:0.5473
epoch:100; metric:emoval; train results:0.9761; eval results:0.5364
Step3: saving and testing on the 3 folder
>>>>> Finish: training on the 3-th folder, best_index: 7, duration: 489.8967831134796 >>>>>
>>>>> Cross-validation: training on the 4 folder >>>>>
Step1: build model (each folder has its own model)
Step2: training (multiple epoches)
epoch:1; metric:emoval; train results:-0.1762; eval results:0.2203
epoch:2; metric:emoval; train results:0.3307; eval results:0.4027
epoch:3; metric:emoval; train results:0.4847; eval results:0.5021
epoch:4; metric:emoval; train results:0.5682; eval results:0.4895
epoch:5; metric:emoval; train results:0.5901; eval results:0.5511
epoch:6; metric:emoval; train results:0.6843; eval results:0.5739
epoch:7; metric:emoval; train results:0.7079; eval results:0.5377
epoch:8; metric:emoval; train results:0.7267; eval results:0.5296
epoch:9; metric:emoval; train results:0.7591; eval results:0.4947
epoch:10; metric:emoval; train results:0.7698; eval results:0.5365
epoch:11; metric:emoval; train results:0.7935; eval results:0.5481
epoch:12; metric:emoval; train results:0.8293; eval results:0.5873
epoch:13; metric:emoval; train results:0.8338; eval results:0.5644
epoch:14; metric:emoval; train results:0.8622; eval results:0.5947
epoch:15; metric:emoval; train results:0.8581; eval results:0.5681
epoch:16; metric:emoval; train results:0.8559; eval results:0.5677
epoch:17; metric:emoval; train results:0.8793; eval results:0.5704
epoch:18; metric:emoval; train results:0.8889; eval results:0.5662
epoch:19; metric:emoval; train results:0.8800; eval results:0.5573
epoch:20; metric:emoval; train results:0.8983; eval results:0.5473
epoch:21; metric:emoval; train results:0.9049; eval results:0.5567
epoch:22; metric:emoval; train results:0.9084; eval results:0.5581
epoch:23; metric:emoval; train results:0.9138; eval results:0.5786
epoch:24; metric:emoval; train results:0.9052; eval results:0.5663
epoch:25; metric:emoval; train results:0.9192; eval results:0.5163
epoch:26; metric:emoval; train results:0.9164; eval results:0.5625
epoch:27; metric:emoval; train results:0.9013; eval results:0.5447
epoch:28; metric:emoval; train results:0.9214; eval results:0.5758
epoch:29; metric:emoval; train results:0.9342; eval results:0.5448
epoch:30; metric:emoval; train results:0.9306; eval results:0.5725
epoch:31; metric:emoval; train results:0.9314; eval results:0.5684
epoch:32; metric:emoval; train results:0.9287; eval results:0.5378
epoch:33; metric:emoval; train results:0.9216; eval results:0.5670
epoch:34; metric:emoval; train results:0.9298; eval results:0.5520
epoch:35; metric:emoval; train results:0.9383; eval results:0.5889
epoch:36; metric:emoval; train results:0.9372; eval results:0.5605
epoch:37; metric:emoval; train results:0.9271; eval results:0.5577
epoch:38; metric:emoval; train results:0.9410; eval results:0.5509
epoch:39; metric:emoval; train results:0.9469; eval results:0.5651
epoch:40; metric:emoval; train results:0.9353; eval results:0.5702
epoch:41; metric:emoval; train results:0.9351; eval results:0.5657
epoch:42; metric:emoval; train results:0.9479; eval results:0.5619
epoch:43; metric:emoval; train results:0.9305; eval results:0.5488
epoch:44; metric:emoval; train results:0.9418; eval results:0.5246
epoch:45; metric:emoval; train results:0.9394; eval results:0.5585
epoch:46; metric:emoval; train results:0.9463; eval results:0.5753
epoch:47; metric:emoval; train results:0.9523; eval results:0.5673
epoch:48; metric:emoval; train results:0.9561; eval results:0.5586
epoch:49; metric:emoval; train results:0.9346; eval results:0.5783
epoch:50; metric:emoval; train results:0.9426; eval results:0.5744
epoch:51; metric:emoval; train results:0.9460; eval results:0.5622
epoch:52; metric:emoval; train results:0.9539; eval results:0.5511
epoch:53; metric:emoval; train results:0.9612; eval results:0.5698
epoch:54; metric:emoval; train results:0.9562; eval results:0.5678
epoch:55; metric:emoval; train results:0.9590; eval results:0.5657
epoch:56; metric:emoval; train results:0.9508; eval results:0.5530
epoch:57; metric:emoval; train results:0.9453; eval results:0.5611
epoch:58; metric:emoval; train results:0.9518; eval results:0.5558
epoch:59; metric:emoval; train results:0.9583; eval results:0.5470
epoch:60; metric:emoval; train results:0.9422; eval results:0.5742
epoch:61; metric:emoval; train results:0.9525; eval results:0.5555
epoch:62; metric:emoval; train results:0.9444; eval results:0.5516
epoch:63; metric:emoval; train results:0.9557; eval results:0.5875
epoch:64; metric:emoval; train results:0.9519; eval results:0.5619
epoch:65; metric:emoval; train results:0.9583; eval results:0.5795
epoch:66; metric:emoval; train results:0.9471; eval results:0.5125
epoch:67; metric:emoval; train results:0.9435; eval results:0.5470
epoch:68; metric:emoval; train results:0.9555; eval results:0.5721
epoch:69; metric:emoval; train results:0.9574; eval results:0.5618
epoch:70; metric:emoval; train results:0.9602; eval results:0.5504
epoch:71; metric:emoval; train results:0.9486; eval results:0.5692
epoch:72; metric:emoval; train results:0.9548; eval results:0.5797
epoch:73; metric:emoval; train results:0.9647; eval results:0.5865
epoch:74; metric:emoval; train results:0.9621; eval results:0.5585
epoch:75; metric:emoval; train results:0.9607; eval results:0.5269
epoch:76; metric:emoval; train results:0.9589; eval results:0.5702
epoch:77; metric:emoval; train results:0.9585; eval results:0.5376
epoch:78; metric:emoval; train results:0.9599; eval results:0.5754
epoch:79; metric:emoval; train results:0.9667; eval results:0.5681
epoch:80; metric:emoval; train results:0.9657; eval results:0.5461
epoch:81; metric:emoval; train results:0.9621; eval results:0.5427
epoch:82; metric:emoval; train results:0.9590; eval results:0.5607
epoch:83; metric:emoval; train results:0.9666; eval results:0.5738
epoch:84; metric:emoval; train results:0.9626; eval results:0.5449
epoch:85; metric:emoval; train results:0.9628; eval results:0.5394
epoch:86; metric:emoval; train results:0.9541; eval results:0.5580
epoch:87; metric:emoval; train results:0.9563; eval results:0.5383
epoch:88; metric:emoval; train results:0.9612; eval results:0.5411
epoch:89; metric:emoval; train results:0.9646; eval results:0.5639
epoch:90; metric:emoval; train results:0.9646; eval results:0.5072
epoch:91; metric:emoval; train results:0.9610; eval results:0.5633
epoch:92; metric:emoval; train results:0.9634; eval results:0.5514
epoch:93; metric:emoval; train results:0.9721; eval results:0.5509
epoch:94; metric:emoval; train results:0.9748; eval results:0.5544
epoch:95; metric:emoval; train results:0.9755; eval results:0.5717
epoch:96; metric:emoval; train results:0.9713; eval results:0.5605
epoch:97; metric:emoval; train results:0.9725; eval results:0.5573
epoch:98; metric:emoval; train results:0.9581; eval results:0.5670
epoch:99; metric:emoval; train results:0.9605; eval results:0.5590
epoch:100; metric:emoval; train results:0.9660; eval results:0.5735
Step3: saving and testing on the 4 folder
>>>>> Finish: training on the 4-th folder, best_index: 13, duration: 472.99524688720703 >>>>>
>>>>> Cross-validation: training on the 5 folder >>>>>
Step1: build model (each folder has its own model)
Step2: training (multiple epoches)
epoch:1; metric:emoval; train results:-0.1390; eval results:0.2783
epoch:2; metric:emoval; train results:0.3218; eval results:0.4339
epoch:3; metric:emoval; train results:0.5036; eval results:0.4933
epoch:4; metric:emoval; train results:0.5765; eval results:0.5142
epoch:5; metric:emoval; train results:0.6341; eval results:0.5265
epoch:6; metric:emoval; train results:0.6779; eval results:0.4967
epoch:7; metric:emoval; train results:0.6956; eval results:0.5071
epoch:8; metric:emoval; train results:0.7162; eval results:0.5470
epoch:9; metric:emoval; train results:0.7541; eval results:0.4443
epoch:10; metric:emoval; train results:0.7806; eval results:0.5358
epoch:11; metric:emoval; train results:0.7875; eval results:0.5228
epoch:12; metric:emoval; train results:0.8193; eval results:0.5380
epoch:13; metric:emoval; train results:0.8131; eval results:0.5451
epoch:14; metric:emoval; train results:0.8249; eval results:0.5227
epoch:15; metric:emoval; train results:0.8480; eval results:0.5223
epoch:16; metric:emoval; train results:0.8499; eval results:0.5120
epoch:17; metric:emoval; train results:0.8704; eval results:0.5516
epoch:18; metric:emoval; train results:0.8747; eval results:0.5661
epoch:19; metric:emoval; train results:0.8701; eval results:0.5323
epoch:20; metric:emoval; train results:0.8831; eval results:0.5482
epoch:21; metric:emoval; train results:0.8867; eval results:0.5275
epoch:22; metric:emoval; train results:0.8713; eval results:0.5219
epoch:23; metric:emoval; train results:0.8898; eval results:0.5298
epoch:24; metric:emoval; train results:0.8784; eval results:0.4950
epoch:25; metric:emoval; train results:0.8994; eval results:0.5263
epoch:26; metric:emoval; train results:0.8975; eval results:0.5126
epoch:27; metric:emoval; train results:0.9059; eval results:0.5015
epoch:28; metric:emoval; train results:0.9030; eval results:0.5232
epoch:29; metric:emoval; train results:0.9091; eval results:0.5163
epoch:30; metric:emoval; train results:0.9067; eval results:0.5516
epoch:31; metric:emoval; train results:0.8981; eval results:0.5178
epoch:32; metric:emoval; train results:0.9207; eval results:0.5300
epoch:33; metric:emoval; train results:0.9296; eval results:0.5157
epoch:34; metric:emoval; train results:0.9293; eval results:0.4812
epoch:35; metric:emoval; train results:0.9199; eval results:0.5340
epoch:36; metric:emoval; train results:0.9291; eval results:0.5284
epoch:37; metric:emoval; train results:0.9215; eval results:0.5233
epoch:38; metric:emoval; train results:0.9283; eval results:0.5414
epoch:39; metric:emoval; train results:0.9399; eval results:0.5452
epoch:40; metric:emoval; train results:0.9314; eval results:0.5251
epoch:41; metric:emoval; train results:0.9248; eval results:0.4987
epoch:42; metric:emoval; train results:0.9297; eval results:0.5196
epoch:43; metric:emoval; train results:0.9337; eval results:0.5192
epoch:44; metric:emoval; train results:0.9216; eval results:0.5188
epoch:45; metric:emoval; train results:0.9336; eval results:0.5164
epoch:46; metric:emoval; train results:0.9401; eval results:0.5179
epoch:47; metric:emoval; train results:0.9225; eval results:0.5110
epoch:48; metric:emoval; train results:0.9319; eval results:0.5310
epoch:49; metric:emoval; train results:0.9373; eval results:0.5136
epoch:50; metric:emoval; train results:0.9447; eval results:0.4995
epoch:51; metric:emoval; train results:0.9370; eval results:0.5195
epoch:52; metric:emoval; train results:0.9410; eval results:0.5106
epoch:53; metric:emoval; train results:0.9312; eval results:0.5312
epoch:54; metric:emoval; train results:0.9443; eval results:0.5381
epoch:55; metric:emoval; train results:0.9355; eval results:0.5267
epoch:56; metric:emoval; train results:0.9504; eval results:0.5109
epoch:57; metric:emoval; train results:0.9573; eval results:0.4836
epoch:58; metric:emoval; train results:0.9524; eval results:0.5031
epoch:59; metric:emoval; train results:0.9524; eval results:0.5140
epoch:60; metric:emoval; train results:0.9518; eval results:0.5152
epoch:61; metric:emoval; train results:0.9347; eval results:0.4993
epoch:62; metric:emoval; train results:0.9607; eval results:0.5149
epoch:63; metric:emoval; train results:0.9497; eval results:0.5153
epoch:64; metric:emoval; train results:0.9403; eval results:0.4969
epoch:65; metric:emoval; train results:0.9193; eval results:0.4983
epoch:66; metric:emoval; train results:0.9562; eval results:0.5198
epoch:67; metric:emoval; train results:0.9503; eval results:0.5115
epoch:68; metric:emoval; train results:0.9574; eval results:0.5422
epoch:69; metric:emoval; train results:0.9494; eval results:0.5080
epoch:70; metric:emoval; train results:0.9517; eval results:0.5037
epoch:71; metric:emoval; train results:0.8801; eval results:0.4974
epoch:72; metric:emoval; train results:0.9095; eval results:0.5337
epoch:73; metric:emoval; train results:0.9312; eval results:0.5345
epoch:74; metric:emoval; train results:0.9321; eval results:0.5333
epoch:75; metric:emoval; train results:0.9447; eval results:0.4783
epoch:76; metric:emoval; train results:0.9551; eval results:0.5342
epoch:77; metric:emoval; train results:0.9636; eval results:0.5183
epoch:78; metric:emoval; train results:0.9578; eval results:0.5311
epoch:79; metric:emoval; train results:0.9575; eval results:0.5275
epoch:80; metric:emoval; train results:0.9601; eval results:0.5132
epoch:81; metric:emoval; train results:0.9558; eval results:0.5283
epoch:82; metric:emoval; train results:0.9571; eval results:0.5299
epoch:83; metric:emoval; train results:0.9521; eval results:0.5073
epoch:84; metric:emoval; train results:0.9622; eval results:0.5275
epoch:85; metric:emoval; train results:0.9600; eval results:0.5425
epoch:86; metric:emoval; train results:0.9558; eval results:0.5408
epoch:87; metric:emoval; train results:0.9521; eval results:0.5155
epoch:88; metric:emoval; train results:0.9435; eval results:0.5234
epoch:89; metric:emoval; train results:0.9541; eval results:0.5287
epoch:90; metric:emoval; train results:0.9530; eval results:0.5353
epoch:91; metric:emoval; train results:0.9515; eval results:0.5011
epoch:92; metric:emoval; train results:0.9387; eval results:0.4994
epoch:93; metric:emoval; train results:0.9453; eval results:0.5092
epoch:94; metric:emoval; train results:0.9409; eval results:0.5045
epoch:95; metric:emoval; train results:0.9522; eval results:0.5042
epoch:96; metric:emoval; train results:0.9576; eval results:0.5177
epoch:97; metric:emoval; train results:0.9657; eval results:0.5134
epoch:98; metric:emoval; train results:0.9573; eval results:0.4887
epoch:99; metric:emoval; train results:0.9577; eval results:0.5251
epoch:100; metric:emoval; train results:0.9663; eval results:0.5060
Step3: saving and testing on the 5 folder
>>>>> Finish: training on the 5-th folder, best_index: 17, duration: 331.08743810653687 >>>>>
====== Prediction and Saving =======
save results in ./saved_grid_repeat_b/cand01_hd128_do0.3_lr0.001/rep02-trimodal/result/cv_features:Baichuan-13B-Base-UTT+chinese-hubert-large-UTT+clip-vit-large-patch14-UTT_dataset:MER2023_model:attention+utt+None_f1:0.7525_acc:0.7522_val:0.6838_1771813051.2717457.npz
save results in ./saved_grid_repeat_b/cand01_hd128_do0.3_lr0.001/rep02-trimodal/result/test1_features:Baichuan-13B-Base-UTT+chinese-hubert-large-UTT+clip-vit-large-patch14-UTT_dataset:MER2023_model:attention+utt+None_f1:0.8267_acc:0.8273_val:0.6451_1771813051.2717457.npz
save results in ./saved_grid_repeat_b/cand01_hd128_do0.3_lr0.001/rep02-trimodal/result/test2_features:Baichuan-13B-Base-UTT+chinese-hubert-large-UTT+clip-vit-large-patch14-UTT_dataset:MER2023_model:attention+utt+None_f1:0.7535_acc:0.7549_val:0.6740_1771813051.2717457.npz
save results in ./saved_grid_repeat_b/cand01_hd128_do0.3_lr0.001/rep02-trimodal/result/test3_features:Baichuan-13B-Base-UTT+chinese-hubert-large-UTT+clip-vit-large-patch14-UTT_dataset:MER2023_model:attention+utt+None_f1:0.8809_acc:0.8825_val:80.7066_1771813051.2717457.npz

====================================================================================================
running cand02_hd256_do0.3_lr0.001_rep01
/root/miniconda3/bin/python -u main-release.py --model=attention --dataset=MER2023 --feat_type=utt --audio_feature=chinese-hubert-large-UTT --text_feature=Baichuan-13B-Base-UTT --video_feature=clip-vit-large-patch14-UTT --hyper_path=/root/autodl-tmp/MERTools-master/MERBench/logs/attention_grid_repeat_b/hparams/cand02_hd256_do0.3_lr0.001.yaml --l2=1e-05 --epochs=100 --batch_size=32 --num_workers=0 --gpu=0 --seed=4407 --save_root=./saved_grid_repeat_b/cand02_hd256_do0.3_lr0.001/rep01
====================================================================================================
set global seed to 4407
====== Params Pre-analysis =======
args:  Namespace(audio_feature='chinese-hubert-large-UTT', batch_size=32, dataset='MER2023', debug=False, dropout=0.3, e2e_dim=None, e2e_name=None, epochs=100, feat_scale=1, feat_type='utt', gpu=0, grad_clip=-1.0, hidden_dim=256, hyper_path='/root/autodl-tmp/MERTools-master/MERBench/logs/attention_grid_repeat_b/hparams/cand02_hd256_do0.3_lr0.001.yaml', l2=1e-05, lr=0.001, lr_adjust='case1', model='attention', n_classes=None, num_workers=0, print_iters=100000000.0, save_iters=100000000.0, save_root='./saved_grid_repeat_b/cand02_hd256_do0.3_lr0.001/rep01-trimodal', savemodel=False, seed=4407, test_dataset=None, text_feature='Baichuan-13B-Base-UTT', train_dataset=None, video_feature='clip-vit-large-patch14-UTT')
====== Reading Data =======
train: sample number 3373
audio feature root: /root/autodl-tmp/MERTools-master/MERBench/dataset/mer2023-dataset-process/features/chinese-hubert-large-UTT

  0%|          | 0/3373 [00:00<?, ?it/s]
 15%|█▍        | 491/3373 [00:00<00:00, 4884.51it/s]
 30%|██▉       | 1011/3373 [00:00<00:00, 5053.81it/s]
 45%|████▍     | 1517/3373 [00:00<00:00, 4750.78it/s]
 59%|█████▉    | 1995/3373 [00:00<00:00, 4654.66it/s]
 73%|███████▎  | 2462/3373 [00:00<00:00, 3570.99it/s]
 84%|████████▍ | 2850/3373 [00:00<00:00, 3507.86it/s]
 95%|█████████▌| 3221/3373 [00:00<00:00, 3426.03it/s]
100%|██████████| 3373/3373 [00:00<00:00, 3678.24it/s]
Input feature chinese-hubert-large-UTT ===> dim is (1, 1024)

  0%|          | 0/3373 [00:00<?, ?it/s]
  9%|▉         | 314/3373 [00:00<00:00, 3136.03it/s]
 19%|█▊        | 628/3373 [00:00<00:01, 2247.31it/s]
 26%|██▌       | 868/3373 [00:00<00:01, 2261.86it/s]
 33%|███▎      | 1117/3373 [00:00<00:00, 2339.67it/s]
 41%|████      | 1377/3373 [00:00<00:00, 2425.07it/s]
 48%|████▊     | 1625/3373 [00:00<00:00, 2440.35it/s]
 56%|█████▌    | 1881/3373 [00:00<00:00, 2477.85it/s]
 63%|██████▎   | 2132/3373 [00:00<00:00, 2400.94it/s]
 70%|███████   | 2375/3373 [00:00<00:00, 2400.68it/s]
 78%|███████▊  | 2617/3373 [00:01<00:00, 2306.81it/s]
 84%|████████▍ | 2850/3373 [00:01<00:00, 1940.78it/s]
 91%|█████████▏| 3086/3373 [00:01<00:00, 2046.00it/s]
100%|██████████| 3373/3373 [00:01<00:00, 2312.36it/s]
Input feature Baichuan-13B-Base-UTT ===> dim is (1, 5120)

  0%|          | 0/3373 [00:00<?, ?it/s]
 22%|██▏       | 731/3373 [00:00<00:00, 7304.14it/s]
 43%|████▎     | 1462/3373 [00:00<00:00, 5045.97it/s]
 64%|██████▎   | 2142/3373 [00:00<00:00, 5666.68it/s]
 81%|████████▏ | 2746/3373 [00:00<00:00, 4306.68it/s]
 98%|█████████▊| 3314/3373 [00:00<00:00, 4672.99it/s]
100%|██████████| 3373/3373 [00:00<00:00, 4931.27it/s]
Input feature clip-vit-large-patch14-UTT ===> dim is (1, 768)
test1: sample number 411
audio feature root: /root/autodl-tmp/MERTools-master/MERBench/dataset/mer2023-dataset-process/features/chinese-hubert-large-UTT

  0%|          | 0/411 [00:00<?, ?it/s]
100%|██████████| 411/411 [00:00<00:00, 4325.92it/s]
Input feature chinese-hubert-large-UTT ===> dim is (1, 1024)

  0%|          | 0/411 [00:00<?, ?it/s]
 88%|████████▊ | 363/411 [00:00<00:00, 3628.49it/s]
100%|██████████| 411/411 [00:00<00:00, 3854.41it/s]
Input feature Baichuan-13B-Base-UTT ===> dim is (1, 5120)

  0%|          | 0/411 [00:00<?, ?it/s]
100%|██████████| 411/411 [00:00<00:00, 5246.07it/s]
Input feature clip-vit-large-patch14-UTT ===> dim is (1, 768)
test2: sample number 412
audio feature root: /root/autodl-tmp/MERTools-master/MERBench/dataset/mer2023-dataset-process/features/chinese-hubert-large-UTT

  0%|          | 0/412 [00:00<?, ?it/s]
100%|██████████| 412/412 [00:00<00:00, 12146.55it/s]
Input feature chinese-hubert-large-UTT ===> dim is (1, 1024)

  0%|          | 0/412 [00:00<?, ?it/s]
100%|██████████| 412/412 [00:00<00:00, 11111.38it/s]
Input feature Baichuan-13B-Base-UTT ===> dim is (1, 5120)

  0%|          | 0/412 [00:00<?, ?it/s]
100%|██████████| 412/412 [00:00<00:00, 5459.25it/s]
Input feature clip-vit-large-patch14-UTT ===> dim is (1, 768)
test3: sample number 834
audio feature root: /root/autodl-tmp/MERTools-master/MERBench/dataset/mer2023-dataset-process/features/chinese-hubert-large-UTT

  0%|          | 0/834 [00:00<?, ?it/s]
 48%|████▊     | 402/834 [00:00<00:00, 4006.57it/s]
100%|██████████| 834/834 [00:00<00:00, 4166.68it/s]
Input feature chinese-hubert-large-UTT ===> dim is (1, 1024)

  0%|          | 0/834 [00:00<?, ?it/s]
 58%|█████▊    | 482/834 [00:00<00:00, 4771.42it/s]
100%|██████████| 834/834 [00:00<00:00, 4235.05it/s]
Input feature Baichuan-13B-Base-UTT ===> dim is (1, 5120)

  0%|          | 0/834 [00:00<?, ?it/s]
 76%|███████▌  | 633/834 [00:00<00:00, 6316.75it/s]
100%|██████████| 834/834 [00:00<00:00, 7318.74it/s]
Input feature clip-vit-large-patch14-UTT ===> dim is (1, 768)
train&val folder:5; test sets:3
audio dimension: 1024; text dimension: 5120; video dimension: 768
====== Training and Evaluation =======
>>>>> Cross-validation: training on the 1 folder >>>>>
Step1: build model (each folder has its own model)
Step2: training (multiple epoches)
epoch:1; metric:emoval; train results:-0.6303; eval results:0.2883
epoch:2; metric:emoval; train results:0.3695; eval results:0.3534
epoch:3; metric:emoval; train results:0.5140; eval results:0.5134
epoch:4; metric:emoval; train results:0.5873; eval results:0.5520
epoch:5; metric:emoval; train results:0.6230; eval results:0.5777
epoch:6; metric:emoval; train results:0.6499; eval results:0.6008
epoch:7; metric:emoval; train results:0.7073; eval results:0.5748
epoch:8; metric:emoval; train results:0.7449; eval results:0.5779
epoch:9; metric:emoval; train results:0.7607; eval results:0.4800
epoch:10; metric:emoval; train results:0.7829; eval results:0.5477
epoch:11; metric:emoval; train results:0.7996; eval results:0.5681
epoch:12; metric:emoval; train results:0.8220; eval results:0.5467
epoch:13; metric:emoval; train results:0.8398; eval results:0.5553
epoch:14; metric:emoval; train results:0.8423; eval results:0.5723
epoch:15; metric:emoval; train results:0.8543; eval results:0.5694
epoch:16; metric:emoval; train results:0.8670; eval results:0.5914
epoch:17; metric:emoval; train results:0.8824; eval results:0.5655
epoch:18; metric:emoval; train results:0.8807; eval results:0.5594
epoch:19; metric:emoval; train results:0.8791; eval results:0.5863
epoch:20; metric:emoval; train results:0.8929; eval results:0.6098
epoch:21; metric:emoval; train results:0.9012; eval results:0.5468
epoch:22; metric:emoval; train results:0.9141; eval results:0.5605
epoch:23; metric:emoval; train results:0.9104; eval results:0.5474
epoch:24; metric:emoval; train results:0.9156; eval results:0.5460
epoch:25; metric:emoval; train results:0.9139; eval results:0.5178
epoch:26; metric:emoval; train results:0.9186; eval results:0.5912
epoch:27; metric:emoval; train results:0.9348; eval results:0.5586
epoch:28; metric:emoval; train results:0.9261; eval results:0.5671
epoch:29; metric:emoval; train results:0.9362; eval results:0.5869
epoch:30; metric:emoval; train results:0.9398; eval results:0.5968
epoch:31; metric:emoval; train results:0.9398; eval results:0.5625
epoch:32; metric:emoval; train results:0.9262; eval results:0.5521
epoch:33; metric:emoval; train results:0.9339; eval results:0.5433
epoch:34; metric:emoval; train results:0.9341; eval results:0.5554
epoch:35; metric:emoval; train results:0.9448; eval results:0.5485
epoch:36; metric:emoval; train results:0.9446; eval results:0.5331
epoch:37; metric:emoval; train results:0.9504; eval results:0.5627
epoch:38; metric:emoval; train results:0.9575; eval results:0.5794
epoch:39; metric:emoval; train results:0.9486; eval results:0.5606
epoch:40; metric:emoval; train results:0.9417; eval results:0.5560
epoch:41; metric:emoval; train results:0.9496; eval results:0.5872
epoch:42; metric:emoval; train results:0.9381; eval results:0.5383
epoch:43; metric:emoval; train results:0.9423; eval results:0.5707
epoch:44; metric:emoval; train results:0.9436; eval results:0.5554
epoch:45; metric:emoval; train results:0.9485; eval results:0.5215
epoch:46; metric:emoval; train results:0.9313; eval results:0.5298
epoch:47; metric:emoval; train results:0.9319; eval results:0.5597
epoch:48; metric:emoval; train results:0.9533; eval results:0.5710
epoch:49; metric:emoval; train results:0.9567; eval results:0.5575
epoch:50; metric:emoval; train results:0.9603; eval results:0.5404
epoch:51; metric:emoval; train results:0.9573; eval results:0.5782
epoch:52; metric:emoval; train results:0.9551; eval results:0.5736
epoch:53; metric:emoval; train results:0.9490; eval results:0.5777
epoch:54; metric:emoval; train results:0.9541; eval results:0.5710
epoch:55; metric:emoval; train results:0.9596; eval results:0.5909
epoch:56; metric:emoval; train results:0.9595; eval results:0.5703
epoch:57; metric:emoval; train results:0.9470; eval results:0.5891
epoch:58; metric:emoval; train results:0.9478; eval results:0.5688
epoch:59; metric:emoval; train results:0.9554; eval results:0.5673
epoch:60; metric:emoval; train results:0.9438; eval results:0.5445
epoch:61; metric:emoval; train results:0.9576; eval results:0.5985
epoch:62; metric:emoval; train results:0.9585; eval results:0.5795
epoch:63; metric:emoval; train results:0.9565; eval results:0.5688
epoch:64; metric:emoval; train results:0.9651; eval results:0.5672
epoch:65; metric:emoval; train results:0.9611; eval results:0.5689
epoch:66; metric:emoval; train results:0.9604; eval results:0.5466
epoch:67; metric:emoval; train results:0.9534; eval results:0.5422
epoch:68; metric:emoval; train results:0.9660; eval results:0.5283
epoch:69; metric:emoval; train results:0.9671; eval results:0.5798
epoch:70; metric:emoval; train results:0.9668; eval results:0.5580
epoch:71; metric:emoval; train results:0.9652; eval results:0.5394
epoch:72; metric:emoval; train results:0.9671; eval results:0.5399
epoch:73; metric:emoval; train results:0.9590; eval results:0.5551
epoch:74; metric:emoval; train results:0.9476; eval results:0.5352
epoch:75; metric:emoval; train results:0.9475; eval results:0.5798
epoch:76; metric:emoval; train results:0.9514; eval results:0.5541
epoch:77; metric:emoval; train results:0.9648; eval results:0.5693
epoch:78; metric:emoval; train results:0.9657; eval results:0.5312
epoch:79; metric:emoval; train results:0.9625; eval results:0.5458
epoch:80; metric:emoval; train results:0.7973; eval results:-78.2622
epoch:81; metric:emoval; train results:0.6637; eval results:0.5147
epoch:82; metric:emoval; train results:0.8791; eval results:0.5638
epoch:83; metric:emoval; train results:0.8644; eval results:0.5110
epoch:84; metric:emoval; train results:0.9163; eval results:0.5928
epoch:85; metric:emoval; train results:0.9421; eval results:0.5484
epoch:86; metric:emoval; train results:0.9569; eval results:0.5825
epoch:87; metric:emoval; train results:0.9624; eval results:0.5726
epoch:88; metric:emoval; train results:0.9629; eval results:0.5633
epoch:89; metric:emoval; train results:0.9644; eval results:0.5687
epoch:90; metric:emoval; train results:0.9705; eval results:0.5842
epoch:91; metric:emoval; train results:0.9639; eval results:0.5820
epoch:92; metric:emoval; train results:0.9653; eval results:0.5628
epoch:93; metric:emoval; train results:0.9698; eval results:0.5854
epoch:94; metric:emoval; train results:0.9753; eval results:0.5823
epoch:95; metric:emoval; train results:0.9749; eval results:0.5563
epoch:96; metric:emoval; train results:0.9739; eval results:0.5548
epoch:97; metric:emoval; train results:0.9718; eval results:0.5694
epoch:98; metric:emoval; train results:0.9720; eval results:0.5729
epoch:99; metric:emoval; train results:0.9720; eval results:0.5827
epoch:100; metric:emoval; train results:0.9746; eval results:0.5788
Step3: saving and testing on the 1 folder
>>>>> Finish: training on the 1-th folder, best_index: 19, duration: 329.4588408470154 >>>>>
>>>>> Cross-validation: training on the 2 folder >>>>>
Step1: build model (each folder has its own model)
Step2: training (multiple epoches)
epoch:1; metric:emoval; train results:-2.0058; eval results:0.1623
epoch:2; metric:emoval; train results:0.3077; eval results:0.4270
epoch:3; metric:emoval; train results:0.4574; eval results:0.4408
epoch:4; metric:emoval; train results:0.5238; eval results:0.5195
epoch:5; metric:emoval; train results:0.6026; eval results:0.5640
epoch:6; metric:emoval; train results:0.6320; eval results:0.5319
epoch:7; metric:emoval; train results:0.6709; eval results:0.5681
epoch:8; metric:emoval; train results:0.6884; eval results:0.5593
epoch:9; metric:emoval; train results:0.7021; eval results:0.5685
epoch:10; metric:emoval; train results:0.7393; eval results:0.5821
epoch:11; metric:emoval; train results:0.7781; eval results:0.5759
epoch:12; metric:emoval; train results:0.7840; eval results:0.4456
epoch:13; metric:emoval; train results:0.8085; eval results:0.5706
epoch:14; metric:emoval; train results:0.8337; eval results:0.4823
epoch:15; metric:emoval; train results:0.8394; eval results:0.5675
epoch:16; metric:emoval; train results:0.8447; eval results:0.5832
epoch:17; metric:emoval; train results:0.8703; eval results:0.5580
epoch:18; metric:emoval; train results:0.8537; eval results:0.5833
epoch:19; metric:emoval; train results:0.8784; eval results:0.5460
epoch:20; metric:emoval; train results:0.8719; eval results:0.5430
epoch:21; metric:emoval; train results:0.8842; eval results:0.5086
epoch:22; metric:emoval; train results:0.8907; eval results:0.5322
epoch:23; metric:emoval; train results:0.9004; eval results:0.5681
epoch:24; metric:emoval; train results:0.8862; eval results:0.5209
epoch:25; metric:emoval; train results:0.9224; eval results:0.5301
epoch:26; metric:emoval; train results:0.9068; eval results:0.5307
epoch:27; metric:emoval; train results:0.8986; eval results:0.5143
epoch:28; metric:emoval; train results:0.8625; eval results:0.4839
epoch:29; metric:emoval; train results:0.8178; eval results:0.5542
epoch:30; metric:emoval; train results:0.9109; eval results:0.5243
epoch:31; metric:emoval; train results:0.9128; eval results:0.5829
epoch:32; metric:emoval; train results:0.9264; eval results:0.5821
epoch:33; metric:emoval; train results:0.9325; eval results:0.5604
epoch:34; metric:emoval; train results:0.9278; eval results:0.5591
epoch:35; metric:emoval; train results:0.9387; eval results:0.5796
epoch:36; metric:emoval; train results:0.9382; eval results:0.5890
epoch:37; metric:emoval; train results:0.9351; eval results:0.5295
epoch:38; metric:emoval; train results:0.9434; eval results:0.5762
epoch:39; metric:emoval; train results:0.9357; eval results:0.5523
epoch:40; metric:emoval; train results:0.9338; eval results:0.5628
epoch:41; metric:emoval; train results:0.9384; eval results:0.5465
epoch:42; metric:emoval; train results:0.9487; eval results:0.5460
epoch:43; metric:emoval; train results:0.9474; eval results:0.5784
epoch:44; metric:emoval; train results:0.9587; eval results:0.5479
epoch:45; metric:emoval; train results:0.9459; eval results:0.5614
epoch:46; metric:emoval; train results:0.9412; eval results:0.5746
epoch:47; metric:emoval; train results:0.9544; eval results:0.5616
epoch:48; metric:emoval; train results:0.9538; eval results:0.5445
epoch:49; metric:emoval; train results:0.9508; eval results:0.5771
epoch:50; metric:emoval; train results:0.9628; eval results:0.5550
epoch:51; metric:emoval; train results:0.9555; eval results:0.5566
epoch:52; metric:emoval; train results:0.9484; eval results:0.5222
epoch:53; metric:emoval; train results:0.9395; eval results:0.5608
epoch:54; metric:emoval; train results:0.9567; eval results:0.5346
epoch:55; metric:emoval; train results:0.9613; eval results:0.5620
epoch:56; metric:emoval; train results:0.9632; eval results:0.5682
epoch:57; metric:emoval; train results:0.9462; eval results:0.5486
epoch:58; metric:emoval; train results:0.9529; eval results:0.5386
epoch:59; metric:emoval; train results:0.9462; eval results:0.5257
epoch:60; metric:emoval; train results:0.9493; eval results:0.5504
epoch:61; metric:emoval; train results:0.9600; eval results:0.5332
epoch:62; metric:emoval; train results:0.9587; eval results:0.5150
epoch:63; metric:emoval; train results:0.9515; eval results:0.5433
epoch:64; metric:emoval; train results:0.9587; eval results:0.5532
epoch:65; metric:emoval; train results:0.9431; eval results:0.5444
epoch:66; metric:emoval; train results:0.9554; eval results:0.5162
epoch:67; metric:emoval; train results:0.9419; eval results:0.5622
epoch:68; metric:emoval; train results:0.9489; eval results:0.5075
epoch:69; metric:emoval; train results:0.9540; eval results:0.5353
epoch:70; metric:emoval; train results:0.9542; eval results:0.5721
epoch:71; metric:emoval; train results:0.9667; eval results:0.5667
epoch:72; metric:emoval; train results:0.9541; eval results:0.5334
epoch:73; metric:emoval; train results:0.9584; eval results:0.5638
epoch:74; metric:emoval; train results:0.9624; eval results:0.5379
epoch:75; metric:emoval; train results:0.9614; eval results:0.5719
epoch:76; metric:emoval; train results:0.9674; eval results:0.5996
epoch:77; metric:emoval; train results:0.9700; eval results:0.5930
epoch:78; metric:emoval; train results:0.9576; eval results:0.5473
epoch:79; metric:emoval; train results:0.9628; eval results:0.5330
epoch:80; metric:emoval; train results:0.9643; eval results:0.5558
epoch:81; metric:emoval; train results:0.9758; eval results:0.5697
epoch:82; metric:emoval; train results:0.9657; eval results:0.5365
epoch:83; metric:emoval; train results:0.9563; eval results:0.5359
epoch:84; metric:emoval; train results:0.9660; eval results:0.5670
epoch:85; metric:emoval; train results:0.9602; eval results:0.5550
epoch:86; metric:emoval; train results:0.9601; eval results:0.5601
epoch:87; metric:emoval; train results:0.9655; eval results:0.5558
epoch:88; metric:emoval; train results:0.9699; eval results:0.5481
epoch:89; metric:emoval; train results:0.9613; eval results:0.5677
epoch:90; metric:emoval; train results:0.9717; eval results:0.5785
epoch:91; metric:emoval; train results:0.9719; eval results:0.5769
epoch:92; metric:emoval; train results:0.9680; eval results:0.5517
epoch:93; metric:emoval; train results:0.9702; eval results:0.4975
epoch:94; metric:emoval; train results:0.9622; eval results:0.5414
epoch:95; metric:emoval; train results:0.9703; eval results:0.5565
epoch:96; metric:emoval; train results:0.9693; eval results:0.5720
epoch:97; metric:emoval; train results:0.9753; eval results:0.5395
epoch:98; metric:emoval; train results:0.9748; eval results:0.5591
epoch:99; metric:emoval; train results:0.9764; eval results:0.5574
epoch:100; metric:emoval; train results:0.9790; eval results:0.5584
Step3: saving and testing on the 2 folder
>>>>> Finish: training on the 2-th folder, best_index: 75, duration: 314.02239203453064 >>>>>
>>>>> Cross-validation: training on the 3 folder >>>>>
Step1: build model (each folder has its own model)
Step2: training (multiple epoches)
epoch:1; metric:emoval; train results:-1.2981; eval results:0.1167
epoch:2; metric:emoval; train results:0.2112; eval results:0.2990
epoch:3; metric:emoval; train results:0.3568; eval results:0.3718
epoch:4; metric:emoval; train results:0.4512; eval results:0.4608
epoch:5; metric:emoval; train results:0.5381; eval results:0.5317
epoch:6; metric:emoval; train results:0.6151; eval results:0.5883
epoch:7; metric:emoval; train results:0.6511; eval results:0.5318
epoch:8; metric:emoval; train results:0.6767; eval results:0.5468
epoch:9; metric:emoval; train results:0.7253; eval results:0.4707
epoch:10; metric:emoval; train results:0.7294; eval results:0.5234
epoch:11; metric:emoval; train results:0.7580; eval results:0.5729
epoch:12; metric:emoval; train results:0.7940; eval results:0.5359
epoch:13; metric:emoval; train results:0.8099; eval results:0.5679
epoch:14; metric:emoval; train results:0.8321; eval results:0.5731
epoch:15; metric:emoval; train results:0.8458; eval results:0.5116
epoch:16; metric:emoval; train results:0.8499; eval results:0.5545
epoch:17; metric:emoval; train results:0.8627; eval results:0.5684
epoch:18; metric:emoval; train results:0.8771; eval results:0.5976
epoch:19; metric:emoval; train results:0.8822; eval results:0.5241
epoch:20; metric:emoval; train results:0.8737; eval results:0.5664
epoch:21; metric:emoval; train results:0.1847; eval results:-0.5747
epoch:22; metric:emoval; train results:-163.5134; eval results:0.3155
epoch:23; metric:emoval; train results:0.5140; eval results:0.5349
epoch:24; metric:emoval; train results:0.6326; eval results:0.5063
epoch:25; metric:emoval; train results:0.2322; eval results:0.4053
epoch:26; metric:emoval; train results:-88891.4351; eval results:-1.5361
epoch:27; metric:emoval; train results:-26628.9014; eval results:-0.3075
epoch:28; metric:emoval; train results:-3.0974; eval results:-0.3334
epoch:29; metric:emoval; train results:0.1138; eval results:0.2161
epoch:30; metric:emoval; train results:0.1471; eval results:0.2168
epoch:31; metric:emoval; train results:-0.2652; eval results:0.2895
epoch:32; metric:emoval; train results:0.2210; eval results:0.3232
epoch:33; metric:emoval; train results:0.1400; eval results:0.3001
epoch:34; metric:emoval; train results:0.0582; eval results:0.3008
epoch:35; metric:emoval; train results:-3.0316; eval results:-0.0607
epoch:36; metric:emoval; train results:0.2758; eval results:0.3448
epoch:37; metric:emoval; train results:0.3739; eval results:0.2752
epoch:38; metric:emoval; train results:0.3902; eval results:0.3452
epoch:39; metric:emoval; train results:0.4207; eval results:0.3371
epoch:40; metric:emoval; train results:0.4258; eval results:0.4004
epoch:41; metric:emoval; train results:0.4629; eval results:0.4086
epoch:42; metric:emoval; train results:0.4844; eval results:0.3562
epoch:43; metric:emoval; train results:0.4863; eval results:0.3982
epoch:44; metric:emoval; train results:0.5052; eval results:0.4259
epoch:45; metric:emoval; train results:0.5336; eval results:0.4371
epoch:46; metric:emoval; train results:0.5349; eval results:0.4341
epoch:47; metric:emoval; train results:0.5639; eval results:0.4812
epoch:48; metric:emoval; train results:0.5873; eval results:0.5288
epoch:49; metric:emoval; train results:0.6105; eval results:0.4836
epoch:50; metric:emoval; train results:0.6359; eval results:0.5166
epoch:51; metric:emoval; train results:0.6401; eval results:0.4867
epoch:52; metric:emoval; train results:0.6514; eval results:0.5272
epoch:53; metric:emoval; train results:0.6727; eval results:0.5478
epoch:54; metric:emoval; train results:0.6856; eval results:0.5402
epoch:55; metric:emoval; train results:0.7010; eval results:0.5490
epoch:56; metric:emoval; train results:0.7192; eval results:0.5479
epoch:57; metric:emoval; train results:0.7238; eval results:0.5568
epoch:58; metric:emoval; train results:0.7274; eval results:0.5485
epoch:59; metric:emoval; train results:0.7353; eval results:0.5042
epoch:60; metric:emoval; train results:0.7499; eval results:0.5620
epoch:61; metric:emoval; train results:0.7558; eval results:0.5609
epoch:62; metric:emoval; train results:0.7477; eval results:0.5606
epoch:63; metric:emoval; train results:0.7494; eval results:0.5302
epoch:64; metric:emoval; train results:0.7643; eval results:0.5604
epoch:65; metric:emoval; train results:0.7638; eval results:0.5838
epoch:66; metric:emoval; train results:0.7927; eval results:0.5588
epoch:67; metric:emoval; train results:0.7881; eval results:0.5634
epoch:68; metric:emoval; train results:0.7930; eval results:0.5536
epoch:69; metric:emoval; train results:0.7988; eval results:0.5753
epoch:70; metric:emoval; train results:0.8015; eval results:0.5600
epoch:71; metric:emoval; train results:0.7986; eval results:0.5562
epoch:72; metric:emoval; train results:0.8107; eval results:0.5567
epoch:73; metric:emoval; train results:0.7968; eval results:0.5561
epoch:74; metric:emoval; train results:0.8084; eval results:0.5613
epoch:75; metric:emoval; train results:0.8214; eval results:0.5815
epoch:76; metric:emoval; train results:0.8247; eval results:0.5630
epoch:77; metric:emoval; train results:0.8340; eval results:0.5752
epoch:78; metric:emoval; train results:0.8334; eval results:0.5274
epoch:79; metric:emoval; train results:0.8332; eval results:0.5719
epoch:80; metric:emoval; train results:0.8475; eval results:0.5333
epoch:81; metric:emoval; train results:0.8395; eval results:0.5616
epoch:82; metric:emoval; train results:0.8426; eval results:0.5702
epoch:83; metric:emoval; train results:0.8601; eval results:0.5869
epoch:84; metric:emoval; train results:0.8544; eval results:0.5882
epoch:85; metric:emoval; train results:0.8431; eval results:0.5488
epoch:86; metric:emoval; train results:0.8480; eval results:0.5458
epoch:87; metric:emoval; train results:0.8529; eval results:0.5780
epoch:88; metric:emoval; train results:0.8606; eval results:0.5566
epoch:89; metric:emoval; train results:0.8558; eval results:0.5599
epoch:90; metric:emoval; train results:0.8668; eval results:0.5448
epoch:91; metric:emoval; train results:0.8578; eval results:0.5860
epoch:92; metric:emoval; train results:0.8616; eval results:0.5546
epoch:93; metric:emoval; train results:0.8756; eval results:0.5568
epoch:94; metric:emoval; train results:0.8692; eval results:0.5843
epoch:95; metric:emoval; train results:0.8742; eval results:0.5745
epoch:96; metric:emoval; train results:0.8809; eval results:0.5865
epoch:97; metric:emoval; train results:0.8796; eval results:0.5641
epoch:98; metric:emoval; train results:0.8856; eval results:0.5319
epoch:99; metric:emoval; train results:0.8799; eval results:0.5655
epoch:100; metric:emoval; train results:0.8850; eval results:0.5362
Step3: saving and testing on the 3 folder
>>>>> Finish: training on the 3-th folder, best_index: 17, duration: 318.2986159324646 >>>>>
>>>>> Cross-validation: training on the 4 folder >>>>>
Step1: build model (each folder has its own model)
Step2: training (multiple epoches)
epoch:1; metric:emoval; train results:-0.5539; eval results:0.2409
epoch:2; metric:emoval; train results:0.3514; eval results:0.4693
epoch:3; metric:emoval; train results:0.4946; eval results:0.5388
epoch:4; metric:emoval; train results:0.5607; eval results:0.5137
epoch:5; metric:emoval; train results:0.6074; eval results:0.5475
epoch:6; metric:emoval; train results:0.6707; eval results:0.5655
epoch:7; metric:emoval; train results:0.7033; eval results:0.5621
epoch:8; metric:emoval; train results:0.7220; eval results:0.5678
epoch:9; metric:emoval; train results:0.7757; eval results:0.5363
epoch:10; metric:emoval; train results:0.7718; eval results:0.5709
epoch:11; metric:emoval; train results:0.8044; eval results:0.5615
epoch:12; metric:emoval; train results:0.8255; eval results:0.5941
epoch:13; metric:emoval; train results:0.8430; eval results:0.5480
epoch:14; metric:emoval; train results:0.8633; eval results:0.5815
epoch:15; metric:emoval; train results:0.8669; eval results:0.5689
epoch:16; metric:emoval; train results:0.8675; eval results:0.5549
epoch:17; metric:emoval; train results:0.8880; eval results:0.5356
epoch:18; metric:emoval; train results:0.8812; eval results:0.5243
epoch:19; metric:emoval; train results:0.8954; eval results:0.5905
epoch:20; metric:emoval; train results:0.8983; eval results:0.5373
epoch:21; metric:emoval; train results:0.9018; eval results:0.5718
epoch:22; metric:emoval; train results:0.9113; eval results:0.5446
epoch:23; metric:emoval; train results:0.9091; eval results:0.5198
epoch:24; metric:emoval; train results:0.9151; eval results:0.5701
epoch:25; metric:emoval; train results:0.9172; eval results:0.5624
epoch:26; metric:emoval; train results:0.9248; eval results:0.5676
epoch:27; metric:emoval; train results:0.9251; eval results:0.5567
epoch:28; metric:emoval; train results:0.9359; eval results:0.5467
epoch:29; metric:emoval; train results:0.9354; eval results:0.5475
epoch:30; metric:emoval; train results:0.9137; eval results:0.5698
epoch:31; metric:emoval; train results:0.9403; eval results:0.5601
epoch:32; metric:emoval; train results:0.9430; eval results:0.5703
epoch:33; metric:emoval; train results:0.9462; eval results:0.5261
epoch:34; metric:emoval; train results:0.9408; eval results:0.5519
epoch:35; metric:emoval; train results:0.9456; eval results:0.5510
epoch:36; metric:emoval; train results:0.9370; eval results:0.5487
epoch:37; metric:emoval; train results:0.9418; eval results:0.5496
epoch:38; metric:emoval; train results:0.9311; eval results:0.5728
epoch:39; metric:emoval; train results:0.9442; eval results:0.5805
epoch:40; metric:emoval; train results:0.9509; eval results:0.5611
epoch:41; metric:emoval; train results:0.9567; eval results:0.5484
epoch:42; metric:emoval; train results:0.9460; eval results:0.5600
epoch:43; metric:emoval; train results:0.9518; eval results:0.5417
epoch:44; metric:emoval; train results:0.9255; eval results:0.5468
epoch:45; metric:emoval; train results:0.9425; eval results:0.5564
epoch:46; metric:emoval; train results:0.9524; eval results:0.5657
epoch:47; metric:emoval; train results:0.9543; eval results:0.5634
epoch:48; metric:emoval; train results:0.9559; eval results:0.5642
epoch:49; metric:emoval; train results:0.9570; eval results:0.5706
epoch:50; metric:emoval; train results:0.9518; eval results:0.5501
epoch:51; metric:emoval; train results:0.9535; eval results:0.5685
epoch:52; metric:emoval; train results:0.9557; eval results:0.5456
epoch:53; metric:emoval; train results:0.9551; eval results:0.5500
epoch:54; metric:emoval; train results:0.9619; eval results:0.5485
epoch:55; metric:emoval; train results:0.9679; eval results:0.5600
epoch:56; metric:emoval; train results:0.9644; eval results:0.5560
epoch:57; metric:emoval; train results:0.9577; eval results:0.5442
epoch:58; metric:emoval; train results:0.9579; eval results:0.4848
epoch:59; metric:emoval; train results:0.9423; eval results:0.5205
epoch:60; metric:emoval; train results:0.9462; eval results:0.5548
epoch:61; metric:emoval; train results:0.9554; eval results:0.5379
epoch:62; metric:emoval; train results:0.9398; eval results:0.5416
epoch:63; metric:emoval; train results:0.9391; eval results:0.5392
epoch:64; metric:emoval; train results:0.9623; eval results:0.5693
epoch:65; metric:emoval; train results:0.9680; eval results:0.5623
epoch:66; metric:emoval; train results:0.9615; eval results:0.5366
epoch:67; metric:emoval; train results:0.9686; eval results:0.5544
epoch:68; metric:emoval; train results:0.9668; eval results:0.4948
epoch:69; metric:emoval; train results:0.9670; eval results:0.5381
epoch:70; metric:emoval; train results:0.9564; eval results:0.5431
epoch:71; metric:emoval; train results:0.9543; eval results:0.5641
epoch:72; metric:emoval; train results:0.9617; eval results:0.5208
epoch:73; metric:emoval; train results:0.9619; eval results:0.5753
epoch:74; metric:emoval; train results:0.9575; eval results:0.5072
epoch:75; metric:emoval; train results:0.8909; eval results:0.5540
epoch:76; metric:emoval; train results:0.9499; eval results:0.5228
epoch:77; metric:emoval; train results:0.9543; eval results:0.4996
epoch:78; metric:emoval; train results:0.9568; eval results:0.5500
epoch:79; metric:emoval; train results:0.9612; eval results:0.5512
epoch:80; metric:emoval; train results:0.9655; eval results:0.5396
epoch:81; metric:emoval; train results:0.9584; eval results:0.5406
epoch:82; metric:emoval; train results:0.9643; eval results:0.5251
epoch:83; metric:emoval; train results:0.9631; eval results:0.5286
epoch:84; metric:emoval; train results:0.9600; eval results:0.5125
epoch:85; metric:emoval; train results:0.9661; eval results:0.5061
epoch:86; metric:emoval; train results:0.9704; eval results:0.5167
epoch:87; metric:emoval; train results:0.9637; eval results:0.5407
epoch:88; metric:emoval; train results:0.9744; eval results:0.5593
epoch:89; metric:emoval; train results:0.9791; eval results:0.5309
epoch:90; metric:emoval; train results:0.9768; eval results:0.5326
epoch:91; metric:emoval; train results:0.9667; eval results:0.5440
epoch:92; metric:emoval; train results:0.9615; eval results:0.5221
epoch:93; metric:emoval; train results:0.9734; eval results:0.5583
epoch:94; metric:emoval; train results:0.9643; eval results:0.5464
epoch:95; metric:emoval; train results:0.9710; eval results:0.5107
epoch:96; metric:emoval; train results:0.9733; eval results:0.5322
epoch:97; metric:emoval; train results:0.9681; eval results:0.5492
epoch:98; metric:emoval; train results:0.9734; eval results:0.5129
epoch:99; metric:emoval; train results:0.9754; eval results:0.5485
epoch:100; metric:emoval; train results:0.9672; eval results:0.5165
Step3: saving and testing on the 4 folder
>>>>> Finish: training on the 4-th folder, best_index: 11, duration: 318.8971700668335 >>>>>
>>>>> Cross-validation: training on the 5 folder >>>>>
Step1: build model (each folder has its own model)
Step2: training (multiple epoches)
epoch:1; metric:emoval; train results:-1.2299; eval results:-0.1740
epoch:2; metric:emoval; train results:0.1117; eval results:0.2770
epoch:3; metric:emoval; train results:0.4305; eval results:0.4329
epoch:4; metric:emoval; train results:0.5257; eval results:0.5354
epoch:5; metric:emoval; train results:0.5829; eval results:0.5032
epoch:6; metric:emoval; train results:0.6324; eval results:0.5498
epoch:7; metric:emoval; train results:0.6938; eval results:0.5590
epoch:8; metric:emoval; train results:0.7336; eval results:0.5668
epoch:9; metric:emoval; train results:0.7318; eval results:0.5514
epoch:10; metric:emoval; train results:0.7819; eval results:0.5047
epoch:11; metric:emoval; train results:0.7875; eval results:0.5756
epoch:12; metric:emoval; train results:0.8148; eval results:0.5827
epoch:13; metric:emoval; train results:0.8262; eval results:0.5025
epoch:14; metric:emoval; train results:0.8231; eval results:0.5364
epoch:15; metric:emoval; train results:0.8358; eval results:0.5275
epoch:16; metric:emoval; train results:0.8498; eval results:0.5225
epoch:17; metric:emoval; train results:0.8758; eval results:0.5483
epoch:18; metric:emoval; train results:0.8842; eval results:0.5409
epoch:19; metric:emoval; train results:0.8935; eval results:0.5463
epoch:20; metric:emoval; train results:0.9005; eval results:0.5476
epoch:21; metric:emoval; train results:0.9036; eval results:0.5359
epoch:22; metric:emoval; train results:0.9154; eval results:0.5407
epoch:23; metric:emoval; train results:0.8939; eval results:0.5344
epoch:24; metric:emoval; train results:0.9052; eval results:0.5365
epoch:25; metric:emoval; train results:0.9107; eval results:0.5648
epoch:26; metric:emoval; train results:0.9278; eval results:0.5504
epoch:27; metric:emoval; train results:0.9241; eval results:0.5515
epoch:28; metric:emoval; train results:0.9327; eval results:0.5430
epoch:29; metric:emoval; train results:0.9317; eval results:0.5684
epoch:30; metric:emoval; train results:0.9206; eval results:0.5633
epoch:31; metric:emoval; train results:0.9360; eval results:0.5598
epoch:32; metric:emoval; train results:0.9502; eval results:0.5508
epoch:33; metric:emoval; train results:0.9452; eval results:0.5512
epoch:34; metric:emoval; train results:0.9403; eval results:0.5525
epoch:35; metric:emoval; train results:0.9255; eval results:0.5455
epoch:36; metric:emoval; train results:0.9255; eval results:0.5309
epoch:37; metric:emoval; train results:0.9402; eval results:0.5705
epoch:38; metric:emoval; train results:0.9531; eval results:0.5542
epoch:39; metric:emoval; train results:0.9504; eval results:0.5472
epoch:40; metric:emoval; train results:0.9389; eval results:0.5502
epoch:41; metric:emoval; train results:0.9446; eval results:0.5253
epoch:42; metric:emoval; train results:0.9438; eval results:0.5691
epoch:43; metric:emoval; train results:0.9490; eval results:0.5368
epoch:44; metric:emoval; train results:0.9431; eval results:0.5636
epoch:45; metric:emoval; train results:0.9443; eval results:0.5354
epoch:46; metric:emoval; train results:0.9481; eval results:0.5539
epoch:47; metric:emoval; train results:0.9506; eval results:0.5419
epoch:48; metric:emoval; train results:0.9572; eval results:0.5581
epoch:49; metric:emoval; train results:0.9579; eval results:0.5421
epoch:50; metric:emoval; train results:0.9631; eval results:0.5621
epoch:51; metric:emoval; train results:0.9603; eval results:0.5470
epoch:52; metric:emoval; train results:0.9601; eval results:0.5111
epoch:53; metric:emoval; train results:0.9496; eval results:0.5586
epoch:54; metric:emoval; train results:0.9489; eval results:0.5072
epoch:55; metric:emoval; train results:0.9550; eval results:0.5332
epoch:56; metric:emoval; train results:0.9500; eval results:0.5455
epoch:57; metric:emoval; train results:0.9545; eval results:0.5075
epoch:58; metric:emoval; train results:0.9550; eval results:0.5312
epoch:59; metric:emoval; train results:0.9483; eval results:0.5476
epoch:60; metric:emoval; train results:0.9605; eval results:0.5660
epoch:61; metric:emoval; train results:0.9607; eval results:0.5302
epoch:62; metric:emoval; train results:0.9521; eval results:0.5143
epoch:63; metric:emoval; train results:0.9431; eval results:0.5376
epoch:64; metric:emoval; train results:0.9646; eval results:0.5443
epoch:65; metric:emoval; train results:0.9619; eval results:0.5345
epoch:66; metric:emoval; train results:0.9670; eval results:0.5144
epoch:67; metric:emoval; train results:0.9671; eval results:0.5341
epoch:68; metric:emoval; train results:0.9716; eval results:0.5209
epoch:69; metric:emoval; train results:0.9692; eval results:0.5369
epoch:70; metric:emoval; train results:0.9712; eval results:0.5760
epoch:71; metric:emoval; train results:0.9655; eval results:0.5669
epoch:72; metric:emoval; train results:0.9677; eval results:0.5428
epoch:73; metric:emoval; train results:0.9611; eval results:0.5391
epoch:74; metric:emoval; train results:0.9612; eval results:0.5598
epoch:75; metric:emoval; train results:0.9550; eval results:0.5484
epoch:76; metric:emoval; train results:0.9679; eval results:0.5268
epoch:77; metric:emoval; train results:0.9629; eval results:0.5322
epoch:78; metric:emoval; train results:0.9564; eval results:0.5555
epoch:79; metric:emoval; train results:0.9697; eval results:0.5651
epoch:80; metric:emoval; train results:0.9650; eval results:0.5454
epoch:81; metric:emoval; train results:0.9643; eval results:0.5592
epoch:82; metric:emoval; train results:0.9589; eval results:0.5571
epoch:83; metric:emoval; train results:0.9536; eval results:0.5547
epoch:84; metric:emoval; train results:0.9528; eval results:0.5298
epoch:85; metric:emoval; train results:0.9639; eval results:0.5699
epoch:86; metric:emoval; train results:0.9636; eval results:0.5228
epoch:87; metric:emoval; train results:0.9659; eval results:0.5371
epoch:88; metric:emoval; train results:0.9648; eval results:0.5026
epoch:89; metric:emoval; train results:0.9718; eval results:0.5318
epoch:90; metric:emoval; train results:0.0988; eval results:0.4952
epoch:91; metric:emoval; train results:0.9552; eval results:0.5398
epoch:92; metric:emoval; train results:0.9644; eval results:0.5400
epoch:93; metric:emoval; train results:0.9722; eval results:0.5590
epoch:94; metric:emoval; train results:0.9760; eval results:0.5455
epoch:95; metric:emoval; train results:0.9706; eval results:0.5151
epoch:96; metric:emoval; train results:0.9663; eval results:0.5414
epoch:97; metric:emoval; train results:0.9655; eval results:0.5532
epoch:98; metric:emoval; train results:0.9763; eval results:0.5479
epoch:99; metric:emoval; train results:0.9744; eval results:0.5067
epoch:100; metric:emoval; train results:0.9729; eval results:0.5304
Step3: saving and testing on the 5 folder
>>>>> Finish: training on the 5-th folder, best_index: 11, duration: 312.3939731121063 >>>>>
====== Prediction and Saving =======
save results in ./saved_grid_repeat_b/cand02_hd256_do0.3_lr0.001/rep01-trimodal/result/cv_features:Baichuan-13B-Base-UTT+chinese-hubert-large-UTT+clip-vit-large-patch14-UTT_dataset:MER2023_model:attention+utt+None_f1:0.7589_acc:0.7611_val:0.6487_1771814679.9901178.npz
save results in ./saved_grid_repeat_b/cand02_hd256_do0.3_lr0.001/rep01-trimodal/result/test1_features:Baichuan-13B-Base-UTT+chinese-hubert-large-UTT+clip-vit-large-patch14-UTT_dataset:MER2023_model:attention+utt+None_f1:0.8201_acc:0.8224_val:0.6370_1771814679.9901178.npz
save results in ./saved_grid_repeat_b/cand02_hd256_do0.3_lr0.001/rep01-trimodal/result/test2_features:Baichuan-13B-Base-UTT+chinese-hubert-large-UTT+clip-vit-large-patch14-UTT_dataset:MER2023_model:attention+utt+None_f1:0.7519_acc:0.7549_val:0.6605_1771814679.9901178.npz
save results in ./saved_grid_repeat_b/cand02_hd256_do0.3_lr0.001/rep01-trimodal/result/test3_features:Baichuan-13B-Base-UTT+chinese-hubert-large-UTT+clip-vit-large-patch14-UTT_dataset:MER2023_model:attention+utt+None_f1:0.8879_acc:0.8897_val:80.6984_1771814679.9901178.npz

====================================================================================================
running cand02_hd256_do0.3_lr0.001_rep02
/root/miniconda3/bin/python -u main-release.py --model=attention --dataset=MER2023 --feat_type=utt --audio_feature=chinese-hubert-large-UTT --text_feature=Baichuan-13B-Base-UTT --video_feature=clip-vit-large-patch14-UTT --hyper_path=/root/autodl-tmp/MERTools-master/MERBench/logs/attention_grid_repeat_b/hparams/cand02_hd256_do0.3_lr0.001.yaml --l2=1e-05 --epochs=100 --batch_size=32 --num_workers=0 --gpu=0 --seed=4408 --save_root=./saved_grid_repeat_b/cand02_hd256_do0.3_lr0.001/rep02
====================================================================================================
set global seed to 4408
====== Params Pre-analysis =======
args:  Namespace(audio_feature='chinese-hubert-large-UTT', batch_size=32, dataset='MER2023', debug=False, dropout=0.3, e2e_dim=None, e2e_name=None, epochs=100, feat_scale=1, feat_type='utt', gpu=0, grad_clip=-1.0, hidden_dim=256, hyper_path='/root/autodl-tmp/MERTools-master/MERBench/logs/attention_grid_repeat_b/hparams/cand02_hd256_do0.3_lr0.001.yaml', l2=1e-05, lr=0.001, lr_adjust='case1', model='attention', n_classes=None, num_workers=0, print_iters=100000000.0, save_iters=100000000.0, save_root='./saved_grid_repeat_b/cand02_hd256_do0.3_lr0.001/rep02-trimodal', savemodel=False, seed=4408, test_dataset=None, text_feature='Baichuan-13B-Base-UTT', train_dataset=None, video_feature='clip-vit-large-patch14-UTT')
====== Reading Data =======
train: sample number 3373
audio feature root: /root/autodl-tmp/MERTools-master/MERBench/dataset/mer2023-dataset-process/features/chinese-hubert-large-UTT

  0%|          | 0/3373 [00:00<?, ?it/s]
 19%|█▉        | 635/3373 [00:00<00:00, 6335.97it/s]
 38%|███▊      | 1269/3373 [00:00<00:00, 4381.88it/s]
 52%|█████▏    | 1742/3373 [00:00<00:00, 4252.06it/s]
 65%|██████▍   | 2185/3373 [00:00<00:00, 4152.41it/s]
 77%|███████▋  | 2610/3373 [00:00<00:00, 4066.13it/s]
 90%|████████▉ | 3022/3373 [00:00<00:00, 3471.26it/s]
100%|██████████| 3373/3373 [00:00<00:00, 3856.55it/s]
Input feature chinese-hubert-large-UTT ===> dim is (1, 1024)

  0%|          | 0/3373 [00:00<?, ?it/s]
  5%|▌         | 184/3373 [00:00<00:01, 1836.47it/s]
 13%|█▎        | 422/3373 [00:00<00:01, 2155.43it/s]
 19%|█▉        | 638/3373 [00:00<00:01, 2126.69it/s]
 25%|██▌       | 851/3373 [00:00<00:01, 2092.48it/s]
 32%|███▏      | 1085/3373 [00:00<00:01, 2177.25it/s]
 39%|███▉      | 1310/3373 [00:00<00:01, 1882.81it/s]
 46%|████▌     | 1536/3373 [00:00<00:00, 1991.70it/s]
 52%|█████▏    | 1757/3373 [00:00<00:00, 2050.57it/s]
 60%|██████    | 2024/3373 [00:00<00:00, 2231.46it/s]
 68%|██████▊   | 2280/3373 [00:01<00:00, 2324.79it/s]
 76%|███████▌  | 2548/3373 [00:01<00:00, 2417.44it/s]
 83%|████████▎ | 2793/3373 [00:01<00:00, 2384.33it/s]
 91%|█████████ | 3077/3373 [00:01<00:00, 2517.22it/s]
 99%|█████████▉| 3341/3373 [00:01<00:00, 2552.76it/s]
100%|██████████| 3373/3373 [00:01<00:00, 2287.86it/s]
Input feature Baichuan-13B-Base-UTT ===> dim is (1, 5120)

  0%|          | 0/3373 [00:00<?, ?it/s]
 24%|██▍       | 823/3373 [00:00<00:00, 8220.60it/s]
 49%|████▉     | 1646/3373 [00:00<00:00, 7305.43it/s]
 71%|███████   | 2384/3373 [00:00<00:00, 5380.13it/s]
 88%|████████▊ | 2967/3373 [00:00<00:00, 5320.40it/s]
100%|██████████| 3373/3373 [00:00<00:00, 5618.60it/s]
Input feature clip-vit-large-patch14-UTT ===> dim is (1, 768)
test1: sample number 411
audio feature root: /root/autodl-tmp/MERTools-master/MERBench/dataset/mer2023-dataset-process/features/chinese-hubert-large-UTT

  0%|          | 0/411 [00:00<?, ?it/s]
100%|██████████| 411/411 [00:00<00:00, 5677.55it/s]
Input feature chinese-hubert-large-UTT ===> dim is (1, 1024)

  0%|          | 0/411 [00:00<?, ?it/s]
100%|██████████| 411/411 [00:00<00:00, 10198.48it/s]
Input feature Baichuan-13B-Base-UTT ===> dim is (1, 5120)

  0%|          | 0/411 [00:00<?, ?it/s]
100%|██████████| 411/411 [00:00<00:00, 5728.34it/s]
Input feature clip-vit-large-patch14-UTT ===> dim is (1, 768)
test2: sample number 412
audio feature root: /root/autodl-tmp/MERTools-master/MERBench/dataset/mer2023-dataset-process/features/chinese-hubert-large-UTT

  0%|          | 0/412 [00:00<?, ?it/s]
100%|██████████| 412/412 [00:00<00:00, 15225.27it/s]
Input feature chinese-hubert-large-UTT ===> dim is (1, 1024)

  0%|          | 0/412 [00:00<?, ?it/s]
100%|██████████| 412/412 [00:00<00:00, 4765.82it/s]
Input feature Baichuan-13B-Base-UTT ===> dim is (1, 5120)

  0%|          | 0/412 [00:00<?, ?it/s]
100%|██████████| 412/412 [00:00<00:00, 18894.91it/s]
Input feature clip-vit-large-patch14-UTT ===> dim is (1, 768)
test3: sample number 834
audio feature root: /root/autodl-tmp/MERTools-master/MERBench/dataset/mer2023-dataset-process/features/chinese-hubert-large-UTT

  0%|          | 0/834 [00:00<?, ?it/s]
 56%|█████▌    | 464/834 [00:00<00:00, 3096.59it/s]
100%|██████████| 834/834 [00:00<00:00, 4550.27it/s]
Input feature chinese-hubert-large-UTT ===> dim is (1, 1024)

  0%|          | 0/834 [00:00<?, ?it/s]
 41%|████      | 339/834 [00:00<00:00, 3386.77it/s]
 81%|████████▏ | 678/834 [00:00<00:00, 3238.52it/s]
100%|██████████| 834/834 [00:00<00:00, 2853.94it/s]
Input feature Baichuan-13B-Base-UTT ===> dim is (1, 5120)

  0%|          | 0/834 [00:00<?, ?it/s]
 71%|███████   | 592/834 [00:00<00:00, 5867.32it/s]
100%|██████████| 834/834 [00:00<00:00, 7375.17it/s]
Input feature clip-vit-large-patch14-UTT ===> dim is (1, 768)
train&val folder:5; test sets:3
audio dimension: 1024; text dimension: 5120; video dimension: 768
====== Training and Evaluation =======
>>>>> Cross-validation: training on the 1 folder >>>>>
Step1: build model (each folder has its own model)
Step2: training (multiple epoches)
epoch:1; metric:emoval; train results:-0.3090; eval results:0.2844
epoch:2; metric:emoval; train results:0.3681; eval results:0.4826
epoch:3; metric:emoval; train results:0.4786; eval results:0.5012
epoch:4; metric:emoval; train results:0.5663; eval results:0.5549
epoch:5; metric:emoval; train results:0.6124; eval results:0.5718
epoch:6; metric:emoval; train results:0.6634; eval results:0.6048
epoch:7; metric:emoval; train results:0.6956; eval results:0.5473
epoch:8; metric:emoval; train results:0.7117; eval results:0.5762
epoch:9; metric:emoval; train results:0.7765; eval results:0.5588
epoch:10; metric:emoval; train results:0.7818; eval results:0.5565
epoch:11; metric:emoval; train results:0.8038; eval results:0.5782
epoch:12; metric:emoval; train results:0.8093; eval results:0.5750
epoch:13; metric:emoval; train results:0.7636; eval results:0.5063
epoch:14; metric:emoval; train results:0.8149; eval results:0.5792
epoch:15; metric:emoval; train results:0.8463; eval results:0.5884
epoch:16; metric:emoval; train results:0.8354; eval results:0.5599
epoch:17; metric:emoval; train results:0.8598; eval results:0.5637
epoch:18; metric:emoval; train results:0.8802; eval results:0.5423
epoch:19; metric:emoval; train results:0.8784; eval results:0.5571
epoch:20; metric:emoval; train results:0.8995; eval results:0.5985
epoch:21; metric:emoval; train results:0.9128; eval results:0.6026
epoch:22; metric:emoval; train results:0.9205; eval results:0.5106
epoch:23; metric:emoval; train results:0.9021; eval results:0.5736
epoch:24; metric:emoval; train results:0.9189; eval results:0.5519
epoch:25; metric:emoval; train results:0.9209; eval results:0.5266
epoch:26; metric:emoval; train results:0.9156; eval results:0.5696
epoch:27; metric:emoval; train results:0.9282; eval results:0.5607
epoch:28; metric:emoval; train results:0.9364; eval results:0.5411
epoch:29; metric:emoval; train results:0.9325; eval results:0.5728
epoch:30; metric:emoval; train results:0.9157; eval results:0.5813
epoch:31; metric:emoval; train results:0.9313; eval results:0.6066
epoch:32; metric:emoval; train results:0.9346; eval results:0.5499
epoch:33; metric:emoval; train results:0.9453; eval results:0.5192
epoch:34; metric:emoval; train results:0.9404; eval results:0.5606
epoch:35; metric:emoval; train results:0.9467; eval results:0.5729
epoch:36; metric:emoval; train results:0.9407; eval results:0.5796
epoch:37; metric:emoval; train results:0.9384; eval results:0.5588
epoch:38; metric:emoval; train results:0.9385; eval results:0.5533
epoch:39; metric:emoval; train results:0.9421; eval results:0.5997
epoch:40; metric:emoval; train results:0.9348; eval results:0.5697
epoch:41; metric:emoval; train results:0.9449; eval results:0.5640
epoch:42; metric:emoval; train results:0.9447; eval results:0.5774
epoch:43; metric:emoval; train results:0.9467; eval results:0.5786
epoch:44; metric:emoval; train results:0.9469; eval results:0.5711
epoch:45; metric:emoval; train results:0.9464; eval results:0.6022
epoch:46; metric:emoval; train results:0.9595; eval results:0.5717
epoch:47; metric:emoval; train results:0.9495; eval results:0.5435
epoch:48; metric:emoval; train results:0.9553; eval results:0.5866
epoch:49; metric:emoval; train results:0.9509; eval results:0.5811
epoch:50; metric:emoval; train results:0.9465; eval results:0.5709
epoch:51; metric:emoval; train results:0.9527; eval results:0.5715
epoch:52; metric:emoval; train results:0.9242; eval results:0.5662
epoch:53; metric:emoval; train results:0.9558; eval results:0.5866
epoch:54; metric:emoval; train results:0.9648; eval results:0.5794
epoch:55; metric:emoval; train results:0.9585; eval results:0.5417
epoch:56; metric:emoval; train results:0.9621; eval results:0.5594
epoch:57; metric:emoval; train results:0.9692; eval results:0.5960
epoch:58; metric:emoval; train results:0.9698; eval results:0.5967
epoch:59; metric:emoval; train results:0.9544; eval results:0.5906
epoch:60; metric:emoval; train results:0.9556; eval results:0.5379
epoch:61; metric:emoval; train results:0.9497; eval results:0.5563
epoch:62; metric:emoval; train results:0.9669; eval results:0.5567
epoch:63; metric:emoval; train results:0.9522; eval results:0.5787
epoch:64; metric:emoval; train results:0.9700; eval results:0.5854
epoch:65; metric:emoval; train results:0.9552; eval results:0.5601
epoch:66; metric:emoval; train results:0.9523; eval results:0.5358
epoch:67; metric:emoval; train results:0.9684; eval results:0.5954
epoch:68; metric:emoval; train results:0.9717; eval results:0.5862
epoch:69; metric:emoval; train results:0.9675; eval results:0.5382
epoch:70; metric:emoval; train results:0.9623; eval results:0.5603
epoch:71; metric:emoval; train results:0.9676; eval results:0.5982
epoch:72; metric:emoval; train results:0.9657; eval results:0.5580
epoch:73; metric:emoval; train results:0.9514; eval results:0.5751
epoch:74; metric:emoval; train results:0.9618; eval results:0.5271
epoch:75; metric:emoval; train results:0.9645; eval results:0.4835
epoch:76; metric:emoval; train results:0.7920; eval results:0.5626
epoch:77; metric:emoval; train results:0.9296; eval results:0.5484
epoch:78; metric:emoval; train results:0.9561; eval results:0.5624
epoch:79; metric:emoval; train results:0.9654; eval results:0.5519
epoch:80; metric:emoval; train results:0.9678; eval results:0.5598
epoch:81; metric:emoval; train results:0.9678; eval results:0.5313
epoch:82; metric:emoval; train results:0.9675; eval results:0.5622
epoch:83; metric:emoval; train results:0.9659; eval results:0.5690
epoch:84; metric:emoval; train results:0.9633; eval results:0.5602
epoch:85; metric:emoval; train results:0.9605; eval results:0.5691
epoch:86; metric:emoval; train results:0.9623; eval results:0.5804
epoch:87; metric:emoval; train results:0.9476; eval results:0.5382
epoch:88; metric:emoval; train results:0.9679; eval results:0.5832
epoch:89; metric:emoval; train results:0.9631; eval results:0.5501
epoch:90; metric:emoval; train results:0.9698; eval results:0.5608
epoch:91; metric:emoval; train results:0.9638; eval results:0.5649
epoch:92; metric:emoval; train results:0.9687; eval results:0.5713
epoch:93; metric:emoval; train results:0.9629; eval results:0.5484
epoch:94; metric:emoval; train results:0.9706; eval results:0.5872
epoch:95; metric:emoval; train results:0.9772; eval results:0.5389
epoch:96; metric:emoval; train results:0.9802; eval results:0.5542
epoch:97; metric:emoval; train results:0.9808; eval results:0.5743
epoch:98; metric:emoval; train results:0.9741; eval results:0.5948
epoch:99; metric:emoval; train results:0.9683; eval results:0.5667
epoch:100; metric:emoval; train results:0.9668; eval results:0.5400
Step3: saving and testing on the 1 folder
>>>>> Finish: training on the 1-th folder, best_index: 30, duration: 319.4786012172699 >>>>>
>>>>> Cross-validation: training on the 2 folder >>>>>
Step1: build model (each folder has its own model)
Step2: training (multiple epoches)
epoch:1; metric:emoval; train results:-1.4454; eval results:0.2226
epoch:2; metric:emoval; train results:0.2971; eval results:0.4052
epoch:3; metric:emoval; train results:0.4522; eval results:0.4162
epoch:4; metric:emoval; train results:0.5406; eval results:0.5360
epoch:5; metric:emoval; train results:0.6060; eval results:0.5135
epoch:6; metric:emoval; train results:0.6222; eval results:0.5607
epoch:7; metric:emoval; train results:0.6727; eval results:0.5654
epoch:8; metric:emoval; train results:0.7095; eval results:0.5432
epoch:9; metric:emoval; train results:0.7108; eval results:0.5345
epoch:10; metric:emoval; train results:0.7300; eval results:0.5673
epoch:11; metric:emoval; train results:0.7653; eval results:0.5279
epoch:12; metric:emoval; train results:0.8037; eval results:0.5657
epoch:13; metric:emoval; train results:0.7885; eval results:0.5768
epoch:14; metric:emoval; train results:0.8195; eval results:0.5064
epoch:15; metric:emoval; train results:0.8478; eval results:0.5749
epoch:16; metric:emoval; train results:0.8278; eval results:0.5708
epoch:17; metric:emoval; train results:0.8730; eval results:0.5755
epoch:18; metric:emoval; train results:0.8777; eval results:0.5336
epoch:19; metric:emoval; train results:0.8773; eval results:0.5108
epoch:20; metric:emoval; train results:0.8765; eval results:0.5583
epoch:21; metric:emoval; train results:0.8895; eval results:0.5695
epoch:22; metric:emoval; train results:0.8953; eval results:0.5335
epoch:23; metric:emoval; train results:0.8859; eval results:0.5832
epoch:24; metric:emoval; train results:0.8983; eval results:0.5517
epoch:25; metric:emoval; train results:0.9060; eval results:0.5886
epoch:26; metric:emoval; train results:0.9153; eval results:0.5686
epoch:27; metric:emoval; train results:0.9263; eval results:0.5609
epoch:28; metric:emoval; train results:0.9081; eval results:0.5916
epoch:29; metric:emoval; train results:0.9255; eval results:0.5877
epoch:30; metric:emoval; train results:0.9388; eval results:0.5317
epoch:31; metric:emoval; train results:0.9290; eval results:0.4018
epoch:32; metric:emoval; train results:0.8288; eval results:0.5527
epoch:33; metric:emoval; train results:0.9114; eval results:0.5613
epoch:34; metric:emoval; train results:0.9254; eval results:0.5388
epoch:35; metric:emoval; train results:0.9353; eval results:0.5437
epoch:36; metric:emoval; train results:0.9299; eval results:0.5662
epoch:37; metric:emoval; train results:0.9469; eval results:0.5927
epoch:38; metric:emoval; train results:0.9367; eval results:0.5659
epoch:39; metric:emoval; train results:0.9326; eval results:0.5353
epoch:40; metric:emoval; train results:0.9462; eval results:0.5622
epoch:41; metric:emoval; train results:0.9342; eval results:0.5869
epoch:42; metric:emoval; train results:0.9501; eval results:0.5440
epoch:43; metric:emoval; train results:0.9473; eval results:0.5245
epoch:44; metric:emoval; train results:0.9452; eval results:0.5244
epoch:45; metric:emoval; train results:0.9519; eval results:0.5481
epoch:46; metric:emoval; train results:0.9528; eval results:0.5690
epoch:47; metric:emoval; train results:0.9516; eval results:0.5579
epoch:48; metric:emoval; train results:0.9440; eval results:0.5707
epoch:49; metric:emoval; train results:0.9484; eval results:0.5461
epoch:50; metric:emoval; train results:0.9498; eval results:0.5861
epoch:51; metric:emoval; train results:0.9448; eval results:0.5536
epoch:52; metric:emoval; train results:0.9460; eval results:0.5748
epoch:53; metric:emoval; train results:0.9448; eval results:0.5418
epoch:54; metric:emoval; train results:0.9457; eval results:0.5823
epoch:55; metric:emoval; train results:0.9410; eval results:0.5638
epoch:56; metric:emoval; train results:0.9562; eval results:0.5534
epoch:57; metric:emoval; train results:0.9570; eval results:0.5643
epoch:58; metric:emoval; train results:0.9539; eval results:0.5416
epoch:59; metric:emoval; train results:0.9657; eval results:0.5708
epoch:60; metric:emoval; train results:0.9659; eval results:0.5432
epoch:61; metric:emoval; train results:0.9654; eval results:0.5499
epoch:62; metric:emoval; train results:0.9555; eval results:0.5531
epoch:63; metric:emoval; train results:0.9599; eval results:0.5584
epoch:64; metric:emoval; train results:0.9513; eval results:0.5487
epoch:65; metric:emoval; train results:0.9577; eval results:0.5249
epoch:66; metric:emoval; train results:0.9636; eval results:0.5494
epoch:67; metric:emoval; train results:0.9600; eval results:0.5388
epoch:68; metric:emoval; train results:0.9561; eval results:0.5430
epoch:69; metric:emoval; train results:0.9548; eval results:0.5579
epoch:70; metric:emoval; train results:0.9592; eval results:0.5360
epoch:71; metric:emoval; train results:0.9574; eval results:0.5535
epoch:72; metric:emoval; train results:0.9522; eval results:0.5762
epoch:73; metric:emoval; train results:0.9551; eval results:0.5338
epoch:74; metric:emoval; train results:0.9652; eval results:0.5452
epoch:75; metric:emoval; train results:0.9635; eval results:0.5229
epoch:76; metric:emoval; train results:0.9492; eval results:0.5127
epoch:77; metric:emoval; train results:0.9595; eval results:0.5389
epoch:78; metric:emoval; train results:0.9663; eval results:0.5350
epoch:79; metric:emoval; train results:0.9628; eval results:0.5339
epoch:80; metric:emoval; train results:0.9599; eval results:0.5407
epoch:81; metric:emoval; train results:0.9559; eval results:0.5525
epoch:82; metric:emoval; train results:0.9658; eval results:0.5788
epoch:83; metric:emoval; train results:0.9550; eval results:0.5544
epoch:84; metric:emoval; train results:0.9678; eval results:0.5380
epoch:85; metric:emoval; train results:0.9703; eval results:0.5293
epoch:86; metric:emoval; train results:0.9731; eval results:0.5591
epoch:87; metric:emoval; train results:0.9709; eval results:0.5453
epoch:88; metric:emoval; train results:0.9691; eval results:0.5711
epoch:89; metric:emoval; train results:0.9750; eval results:0.5515
epoch:90; metric:emoval; train results:0.9692; eval results:0.5523
epoch:91; metric:emoval; train results:0.9567; eval results:0.5554
epoch:92; metric:emoval; train results:0.9615; eval results:0.5538
epoch:93; metric:emoval; train results:0.9716; eval results:0.5530
epoch:94; metric:emoval; train results:0.9674; eval results:0.5202
epoch:95; metric:emoval; train results:0.9673; eval results:0.5356
epoch:96; metric:emoval; train results:0.9718; eval results:0.5440
epoch:97; metric:emoval; train results:0.9665; eval results:0.5223
epoch:98; metric:emoval; train results:0.9671; eval results:0.5514
epoch:99; metric:emoval; train results:0.9600; eval results:0.5101
epoch:100; metric:emoval; train results:0.9603; eval results:0.5366
Step3: saving and testing on the 2 folder
>>>>> Finish: training on the 2-th folder, best_index: 36, duration: 317.49060463905334 >>>>>
>>>>> Cross-validation: training on the 3 folder >>>>>
Step1: build model (each folder has its own model)
Step2: training (multiple epoches)
epoch:1; metric:emoval; train results:-0.4795; eval results:0.3081
epoch:2; metric:emoval; train results:0.3858; eval results:0.2801
epoch:3; metric:emoval; train results:0.4971; eval results:0.5113
epoch:4; metric:emoval; train results:0.5809; eval results:0.5056
epoch:5; metric:emoval; train results:0.6443; eval results:0.5504
epoch:6; metric:emoval; train results:0.6908; eval results:0.5165
epoch:7; metric:emoval; train results:0.7295; eval results:0.5363
epoch:8; metric:emoval; train results:0.7577; eval results:0.5259
epoch:9; metric:emoval; train results:0.7685; eval results:0.5745
epoch:10; metric:emoval; train results:0.7786; eval results:0.4768
epoch:11; metric:emoval; train results:0.8016; eval results:0.5815
epoch:12; metric:emoval; train results:0.8241; eval results:0.5229
epoch:13; metric:emoval; train results:0.8282; eval results:0.4506
epoch:14; metric:emoval; train results:0.8312; eval results:0.5610
epoch:15; metric:emoval; train results:0.8654; eval results:0.5147
epoch:16; metric:emoval; train results:0.8561; eval results:0.5317
epoch:17; metric:emoval; train results:0.8716; eval results:0.5254
epoch:18; metric:emoval; train results:0.8800; eval results:0.5608
epoch:19; metric:emoval; train results:0.8621; eval results:0.5139
epoch:20; metric:emoval; train results:0.8887; eval results:0.5667
epoch:21; metric:emoval; train results:0.9010; eval results:0.5490
epoch:22; metric:emoval; train results:0.9133; eval results:0.5120
epoch:23; metric:emoval; train results:0.9027; eval results:0.5168
epoch:24; metric:emoval; train results:0.9052; eval results:0.5394
epoch:25; metric:emoval; train results:0.9248; eval results:0.4997
epoch:26; metric:emoval; train results:0.9139; eval results:0.5058
epoch:27; metric:emoval; train results:0.9274; eval results:0.5332
epoch:28; metric:emoval; train results:0.9149; eval results:0.5217
epoch:29; metric:emoval; train results:0.9164; eval results:0.5055
epoch:30; metric:emoval; train results:0.9251; eval results:0.5298
epoch:31; metric:emoval; train results:0.9361; eval results:0.4916
epoch:32; metric:emoval; train results:0.9304; eval results:0.5526
epoch:33; metric:emoval; train results:0.9405; eval results:0.5249
epoch:34; metric:emoval; train results:0.9356; eval results:0.5400
epoch:35; metric:emoval; train results:0.9422; eval results:0.5470
epoch:36; metric:emoval; train results:0.9474; eval results:0.5127
epoch:37; metric:emoval; train results:0.9376; eval results:0.5370
epoch:38; metric:emoval; train results:0.9279; eval results:0.5282
epoch:39; metric:emoval; train results:0.9301; eval results:0.4962
epoch:40; metric:emoval; train results:0.9379; eval results:0.5171
epoch:41; metric:emoval; train results:0.9523; eval results:0.5084
epoch:42; metric:emoval; train results:0.9490; eval results:0.4908
epoch:43; metric:emoval; train results:0.9416; eval results:0.5429
epoch:44; metric:emoval; train results:0.9328; eval results:0.5054
epoch:45; metric:emoval; train results:0.9370; eval results:0.5084
epoch:46; metric:emoval; train results:0.9514; eval results:0.5282
epoch:47; metric:emoval; train results:0.9490; eval results:0.5309
epoch:48; metric:emoval; train results:0.9560; eval results:0.5276
epoch:49; metric:emoval; train results:0.9497; eval results:0.5599
epoch:50; metric:emoval; train results:0.9472; eval results:0.4514
epoch:51; metric:emoval; train results:0.9440; eval results:0.5545
epoch:52; metric:emoval; train results:0.9550; eval results:0.5496
epoch:53; metric:emoval; train results:0.9592; eval results:0.4609
epoch:54; metric:emoval; train results:0.9500; eval results:0.5313
epoch:55; metric:emoval; train results:0.9498; eval results:0.5120
epoch:56; metric:emoval; train results:0.9571; eval results:0.5194
epoch:57; metric:emoval; train results:0.9475; eval results:0.5341
epoch:58; metric:emoval; train results:0.9536; eval results:0.5282
epoch:59; metric:emoval; train results:0.9369; eval results:0.5290
epoch:60; metric:emoval; train results:0.9501; eval results:0.4898
epoch:61; metric:emoval; train results:0.9521; eval results:0.5245
epoch:62; metric:emoval; train results:0.9565; eval results:0.5183
epoch:63; metric:emoval; train results:0.9620; eval results:0.4967
epoch:64; metric:emoval; train results:0.9542; eval results:0.5226
epoch:65; metric:emoval; train results:0.9541; eval results:0.5270
epoch:66; metric:emoval; train results:0.9578; eval results:0.5367
epoch:67; metric:emoval; train results:0.9574; eval results:0.5534
epoch:68; metric:emoval; train results:0.9614; eval results:0.5073
epoch:69; metric:emoval; train results:0.9597; eval results:0.5255
epoch:70; metric:emoval; train results:0.9700; eval results:0.5414
epoch:71; metric:emoval; train results:0.9608; eval results:0.5248
epoch:72; metric:emoval; train results:0.9593; eval results:0.5330
epoch:73; metric:emoval; train results:0.9623; eval results:0.5239
epoch:74; metric:emoval; train results:0.9623; eval results:0.5092
epoch:75; metric:emoval; train results:0.9656; eval results:0.5317
epoch:76; metric:emoval; train results:0.9653; eval results:0.5148
epoch:77; metric:emoval; train results:0.9353; eval results:0.4844
epoch:78; metric:emoval; train results:0.9523; eval results:0.4932
epoch:79; metric:emoval; train results:0.9561; eval results:0.5221
epoch:80; metric:emoval; train results:0.9529; eval results:0.5349
epoch:81; metric:emoval; train results:0.9615; eval results:0.5284
epoch:82; metric:emoval; train results:0.9709; eval results:0.5445
epoch:83; metric:emoval; train results:0.9663; eval results:0.5201
epoch:84; metric:emoval; train results:0.9631; eval results:0.5143
epoch:85; metric:emoval; train results:0.9666; eval results:0.5302
epoch:86; metric:emoval; train results:0.9749; eval results:0.5278
epoch:87; metric:emoval; train results:0.9689; eval results:0.5116
epoch:88; metric:emoval; train results:0.9673; eval results:0.5021
epoch:89; metric:emoval; train results:0.9604; eval results:0.5332
epoch:90; metric:emoval; train results:0.9534; eval results:0.5445
epoch:91; metric:emoval; train results:0.9633; eval results:0.5151
epoch:92; metric:emoval; train results:0.9558; eval results:0.5278
epoch:93; metric:emoval; train results:0.9688; eval results:0.5238
epoch:94; metric:emoval; train results:0.9642; eval results:0.4832
epoch:95; metric:emoval; train results:0.9715; eval results:0.5266
epoch:96; metric:emoval; train results:0.9731; eval results:0.5218
epoch:97; metric:emoval; train results:0.9765; eval results:0.5422
epoch:98; metric:emoval; train results:0.9744; eval results:0.4940
epoch:99; metric:emoval; train results:0.9761; eval results:0.4984
epoch:100; metric:emoval; train results:0.9648; eval results:0.4971
Step3: saving and testing on the 3 folder
>>>>> Finish: training on the 3-th folder, best_index: 10, duration: 321.61965799331665 >>>>>
>>>>> Cross-validation: training on the 4 folder >>>>>
Step1: build model (each folder has its own model)
Step2: training (multiple epoches)
epoch:1; metric:emoval; train results:-4.0676; eval results:-0.0690
epoch:2; metric:emoval; train results:0.1625; eval results:0.3942
epoch:3; metric:emoval; train results:0.3917; eval results:0.4790
epoch:4; metric:emoval; train results:0.4622; eval results:0.5266
epoch:5; metric:emoval; train results:0.5337; eval results:0.4529
epoch:6; metric:emoval; train results:0.5857; eval results:0.5090
epoch:7; metric:emoval; train results:0.6209; eval results:0.5584
epoch:8; metric:emoval; train results:0.6657; eval results:0.5829
epoch:9; metric:emoval; train results:0.7089; eval results:0.5754
epoch:10; metric:emoval; train results:0.7253; eval results:0.5428
epoch:11; metric:emoval; train results:0.7481; eval results:0.5986
epoch:12; metric:emoval; train results:0.7692; eval results:0.5601
epoch:13; metric:emoval; train results:0.7837; eval results:0.5885
epoch:14; metric:emoval; train results:0.7961; eval results:0.5813
epoch:15; metric:emoval; train results:0.8205; eval results:0.5815
epoch:16; metric:emoval; train results:0.8298; eval results:0.5905
epoch:17; metric:emoval; train results:0.8419; eval results:0.4723
epoch:18; metric:emoval; train results:0.8335; eval results:0.5488
epoch:19; metric:emoval; train results:0.8672; eval results:0.5654
epoch:20; metric:emoval; train results:0.8705; eval results:0.5599
epoch:21; metric:emoval; train results:0.8790; eval results:0.5939
epoch:22; metric:emoval; train results:0.8912; eval results:0.5798
epoch:23; metric:emoval; train results:0.8912; eval results:0.5895
epoch:24; metric:emoval; train results:0.8993; eval results:0.5716
epoch:25; metric:emoval; train results:0.8958; eval results:0.5760
epoch:26; metric:emoval; train results:0.9057; eval results:0.5664
epoch:27; metric:emoval; train results:0.9089; eval results:0.5703
epoch:28; metric:emoval; train results:0.9155; eval results:0.5593
epoch:29; metric:emoval; train results:0.9097; eval results:0.5927
epoch:30; metric:emoval; train results:0.8993; eval results:0.5677
epoch:31; metric:emoval; train results:0.9195; eval results:0.5840
epoch:32; metric:emoval; train results:0.9215; eval results:0.4455
epoch:33; metric:emoval; train results:0.8991; eval results:0.5760
epoch:34; metric:emoval; train results:0.9272; eval results:0.5876
epoch:35; metric:emoval; train results:0.9285; eval results:0.5858
epoch:36; metric:emoval; train results:0.9356; eval results:0.5853
epoch:37; metric:emoval; train results:0.9400; eval results:0.5898
epoch:38; metric:emoval; train results:0.9309; eval results:0.5730
epoch:39; metric:emoval; train results:0.9362; eval results:0.5472
epoch:40; metric:emoval; train results:0.9356; eval results:0.5986
epoch:41; metric:emoval; train results:0.9348; eval results:0.5805
epoch:42; metric:emoval; train results:0.9384; eval results:0.5848
epoch:43; metric:emoval; train results:0.9408; eval results:0.5509
epoch:44; metric:emoval; train results:0.9396; eval results:0.5828
epoch:45; metric:emoval; train results:0.9458; eval results:0.5147
epoch:46; metric:emoval; train results:0.9342; eval results:0.5606
epoch:47; metric:emoval; train results:0.9376; eval results:0.5682
epoch:48; metric:emoval; train results:0.9380; eval results:0.5588
epoch:49; metric:emoval; train results:0.9488; eval results:0.5704
epoch:50; metric:emoval; train results:0.9541; eval results:0.6028
epoch:51; metric:emoval; train results:0.9450; eval results:0.5783
epoch:52; metric:emoval; train results:0.9493; eval results:0.5747
epoch:53; metric:emoval; train results:0.9519; eval results:0.5787
epoch:54; metric:emoval; train results:0.9525; eval results:0.5631
epoch:55; metric:emoval; train results:0.9593; eval results:0.5898
epoch:56; metric:emoval; train results:0.9582; eval results:0.5736
epoch:57; metric:emoval; train results:0.9546; eval results:0.5677
epoch:58; metric:emoval; train results:0.9442; eval results:0.5259
epoch:59; metric:emoval; train results:0.9447; eval results:0.5685
epoch:60; metric:emoval; train results:0.9437; eval results:0.5612
epoch:61; metric:emoval; train results:0.9483; eval results:0.5786
epoch:62; metric:emoval; train results:0.9470; eval results:0.5613
epoch:63; metric:emoval; train results:0.9542; eval results:0.5810
epoch:64; metric:emoval; train results:0.9620; eval results:0.5668
epoch:65; metric:emoval; train results:0.9609; eval results:0.5620
epoch:66; metric:emoval; train results:0.9560; eval results:0.5721
epoch:67; metric:emoval; train results:0.9468; eval results:0.5964
epoch:68; metric:emoval; train results:0.9561; eval results:0.5788
epoch:69; metric:emoval; train results:0.9628; eval results:0.5863
epoch:70; metric:emoval; train results:0.9655; eval results:0.6018
epoch:71; metric:emoval; train results:0.9675; eval results:0.5522
epoch:72; metric:emoval; train results:0.9662; eval results:0.5813
epoch:73; metric:emoval; train results:0.9611; eval results:0.5465
epoch:74; metric:emoval; train results:0.9521; eval results:0.5413
epoch:75; metric:emoval; train results:0.9420; eval results:0.5668
epoch:76; metric:emoval; train results:0.9518; eval results:0.5547
epoch:77; metric:emoval; train results:0.9635; eval results:0.5327
epoch:78; metric:emoval; train results:0.9714; eval results:0.5770
epoch:79; metric:emoval; train results:0.9671; eval results:0.5641
epoch:80; metric:emoval; train results:0.9626; eval results:0.5486
epoch:81; metric:emoval; train results:0.9598; eval results:0.5918
epoch:82; metric:emoval; train results:0.9589; eval results:0.5800
epoch:83; metric:emoval; train results:0.9670; eval results:0.5646
epoch:84; metric:emoval; train results:0.9636; eval results:0.5800
epoch:85; metric:emoval; train results:0.9591; eval results:0.5749
epoch:86; metric:emoval; train results:0.9646; eval results:0.5501
epoch:87; metric:emoval; train results:0.9604; eval results:0.5947
epoch:88; metric:emoval; train results:0.9620; eval results:0.5786
epoch:89; metric:emoval; train results:0.9673; eval results:0.5880
epoch:90; metric:emoval; train results:0.9676; eval results:0.6014
epoch:91; metric:emoval; train results:0.9657; eval results:0.5655
epoch:92; metric:emoval; train results:0.9660; eval results:0.5761
epoch:93; metric:emoval; train results:0.9693; eval results:0.5865
epoch:94; metric:emoval; train results:0.9632; eval results:0.5465
epoch:95; metric:emoval; train results:0.9700; eval results:0.5886
epoch:96; metric:emoval; train results:0.9641; eval results:0.5531
epoch:97; metric:emoval; train results:0.9671; eval results:0.5708
epoch:98; metric:emoval; train results:0.9481; eval results:0.5331
epoch:99; metric:emoval; train results:0.9657; eval results:0.5567
epoch:100; metric:emoval; train results:0.9688; eval results:0.5699
Step3: saving and testing on the 4 folder
>>>>> Finish: training on the 4-th folder, best_index: 49, duration: 333.07645869255066 >>>>>
>>>>> Cross-validation: training on the 5 folder >>>>>
Step1: build model (each folder has its own model)
Step2: training (multiple epoches)
epoch:1; metric:emoval; train results:-0.1762; eval results:0.2533
epoch:2; metric:emoval; train results:0.4238; eval results:0.4969
epoch:3; metric:emoval; train results:0.5317; eval results:0.5116
epoch:4; metric:emoval; train results:0.5611; eval results:0.4997
epoch:5; metric:emoval; train results:0.6358; eval results:0.5375
epoch:6; metric:emoval; train results:0.6889; eval results:0.5644
epoch:7; metric:emoval; train results:0.7242; eval results:0.5588
epoch:8; metric:emoval; train results:0.7637; eval results:0.4888
epoch:9; metric:emoval; train results:0.7866; eval results:0.5302
epoch:10; metric:emoval; train results:0.8010; eval results:0.5538
epoch:11; metric:emoval; train results:0.8157; eval results:0.5500
epoch:12; metric:emoval; train results:0.8437; eval results:0.5437
epoch:13; metric:emoval; train results:0.8603; eval results:0.5527
epoch:14; metric:emoval; train results:0.8626; eval results:0.5648
epoch:15; metric:emoval; train results:0.8765; eval results:0.5479
epoch:16; metric:emoval; train results:0.8713; eval results:0.5163
epoch:17; metric:emoval; train results:0.8902; eval results:0.5685
epoch:18; metric:emoval; train results:0.8911; eval results:0.5541
epoch:19; metric:emoval; train results:0.9051; eval results:0.5523
epoch:20; metric:emoval; train results:0.9127; eval results:0.5462
epoch:21; metric:emoval; train results:0.9071; eval results:0.5303
epoch:22; metric:emoval; train results:0.8940; eval results:0.5246
epoch:23; metric:emoval; train results:0.9185; eval results:0.5586
epoch:24; metric:emoval; train results:0.9244; eval results:0.5466
epoch:25; metric:emoval; train results:0.9260; eval results:0.5481
epoch:26; metric:emoval; train results:0.9142; eval results:0.5302
epoch:27; metric:emoval; train results:0.9340; eval results:0.5604
epoch:28; metric:emoval; train results:0.9337; eval results:0.5142
epoch:29; metric:emoval; train results:0.9394; eval results:0.5400
epoch:30; metric:emoval; train results:0.9352; eval results:0.5159
epoch:31; metric:emoval; train results:0.9368; eval results:0.5401
epoch:32; metric:emoval; train results:0.9274; eval results:0.5450
epoch:33; metric:emoval; train results:0.9375; eval results:0.5396
epoch:34; metric:emoval; train results:0.9468; eval results:0.5417
epoch:35; metric:emoval; train results:0.9558; eval results:0.5451
epoch:36; metric:emoval; train results:0.9480; eval results:0.5586
epoch:37; metric:emoval; train results:0.9440; eval results:0.5546
epoch:38; metric:emoval; train results:0.9541; eval results:0.5206
epoch:39; metric:emoval; train results:0.9505; eval results:0.5145
epoch:40; metric:emoval; train results:0.9500; eval results:0.5298
epoch:41; metric:emoval; train results:0.9541; eval results:0.5390
epoch:42; metric:emoval; train results:0.9437; eval results:0.5384
epoch:43; metric:emoval; train results:0.9462; eval results:0.5052
epoch:44; metric:emoval; train results:0.9402; eval results:0.5510
epoch:45; metric:emoval; train results:0.9502; eval results:0.5676
epoch:46; metric:emoval; train results:0.9565; eval results:0.4894
epoch:47; metric:emoval; train results:0.9513; eval results:0.5212
epoch:48; metric:emoval; train results:0.9472; eval results:0.5329
epoch:49; metric:emoval; train results:0.9474; eval results:0.5100
epoch:50; metric:emoval; train results:0.9462; eval results:0.5351
epoch:51; metric:emoval; train results:0.9561; eval results:0.5224
epoch:52; metric:emoval; train results:0.9527; eval results:0.5169
epoch:53; metric:emoval; train results:0.9564; eval results:0.5500
epoch:54; metric:emoval; train results:0.9531; eval results:0.5005
epoch:55; metric:emoval; train results:0.9448; eval results:0.5024
epoch:56; metric:emoval; train results:0.9494; eval results:0.5063
epoch:57; metric:emoval; train results:0.9598; eval results:0.4758
epoch:58; metric:emoval; train results:0.9462; eval results:0.5084
epoch:59; metric:emoval; train results:0.9520; eval results:0.5144
epoch:60; metric:emoval; train results:0.9542; eval results:0.5428
epoch:61; metric:emoval; train results:0.9631; eval results:0.5396
epoch:62; metric:emoval; train results:0.9648; eval results:0.5448
epoch:63; metric:emoval; train results:0.9697; eval results:0.5146
epoch:64; metric:emoval; train results:0.9691; eval results:0.4987
epoch:65; metric:emoval; train results:0.9623; eval results:0.5433
epoch:66; metric:emoval; train results:0.9706; eval results:0.5395
epoch:67; metric:emoval; train results:0.9743; eval results:0.5234
epoch:68; metric:emoval; train results:0.9652; eval results:0.5349
epoch:69; metric:emoval; train results:0.9459; eval results:0.5424
epoch:70; metric:emoval; train results:0.9564; eval results:0.5085
epoch:71; metric:emoval; train results:0.9501; eval results:0.4573
epoch:72; metric:emoval; train results:0.9633; eval results:0.5248
epoch:73; metric:emoval; train results:0.9670; eval results:0.5280
epoch:74; metric:emoval; train results:0.9681; eval results:0.5562
epoch:75; metric:emoval; train results:0.9704; eval results:0.5168
epoch:76; metric:emoval; train results:0.9759; eval results:0.5390
epoch:77; metric:emoval; train results:0.9767; eval results:0.5258
epoch:78; metric:emoval; train results:0.9741; eval results:0.5223
epoch:79; metric:emoval; train results:0.9689; eval results:0.5229
epoch:80; metric:emoval; train results:0.9543; eval results:0.5400
epoch:81; metric:emoval; train results:0.9659; eval results:0.4875
epoch:82; metric:emoval; train results:0.9724; eval results:0.5129
epoch:83; metric:emoval; train results:0.9700; eval results:0.5306
epoch:84; metric:emoval; train results:0.9698; eval results:0.5217
epoch:85; metric:emoval; train results:0.9718; eval results:0.5300
epoch:86; metric:emoval; train results:0.9718; eval results:0.5167
epoch:87; metric:emoval; train results:0.9776; eval results:0.5343
epoch:88; metric:emoval; train results:0.9767; eval results:0.5243
epoch:89; metric:emoval; train results:0.9760; eval results:0.5315
epoch:90; metric:emoval; train results:0.9731; eval results:0.5297
epoch:91; metric:emoval; train results:0.9762; eval results:0.5171
epoch:92; metric:emoval; train results:0.9748; eval results:0.5121
epoch:93; metric:emoval; train results:0.9644; eval results:0.5244
epoch:94; metric:emoval; train results:0.9535; eval results:0.5267
epoch:95; metric:emoval; train results:0.9699; eval results:0.5141
epoch:96; metric:emoval; train results:0.9749; eval results:0.5346
epoch:97; metric:emoval; train results:0.9716; eval results:0.5402
epoch:98; metric:emoval; train results:0.9695; eval results:0.5481
epoch:99; metric:emoval; train results:0.9726; eval results:0.5283
epoch:100; metric:emoval; train results:0.9705; eval results:0.5307
Step3: saving and testing on the 5 folder
>>>>> Finish: training on the 5-th folder, best_index: 16, duration: 252.44604778289795 >>>>>
====== Prediction and Saving =======
save results in ./saved_grid_repeat_b/cand02_hd256_do0.3_lr0.001/rep02-trimodal/result/cv_features:Baichuan-13B-Base-UTT+chinese-hubert-large-UTT+clip-vit-large-patch14-UTT_dataset:MER2023_model:attention+utt+None_f1:0.7581_acc:0.7614_val:0.6708_1771816300.4646845.npz
save results in ./saved_grid_repeat_b/cand02_hd256_do0.3_lr0.001/rep02-trimodal/result/test1_features:Baichuan-13B-Base-UTT+chinese-hubert-large-UTT+clip-vit-large-patch14-UTT_dataset:MER2023_model:attention+utt+None_f1:0.8187_acc:0.8200_val:0.6328_1771816300.4646845.npz
save results in ./saved_grid_repeat_b/cand02_hd256_do0.3_lr0.001/rep02-trimodal/result/test2_features:Baichuan-13B-Base-UTT+chinese-hubert-large-UTT+clip-vit-large-patch14-UTT_dataset:MER2023_model:attention+utt+None_f1:0.7650_acc:0.7694_val:0.6368_1771816300.4646845.npz
save results in ./saved_grid_repeat_b/cand02_hd256_do0.3_lr0.001/rep02-trimodal/result/test3_features:Baichuan-13B-Base-UTT+chinese-hubert-large-UTT+clip-vit-large-patch14-UTT_dataset:MER2023_model:attention+utt+None_f1:0.8926_acc:0.8933_val:80.0340_1771816300.4646845.npz

####################################################################################################
summary ranking (by mean_emoval)
[1] cand02_hd256_do0.3_lr0.001 mean_emoval=0.5935625 std_emoval=0.004472450391004852 mean_f1=0.7585 mean_val=0.6597500000000001 runs=2/2
[2] cand01_hd128_do0.3_lr0.001 mean_emoval=0.5893 std_emoval=0.010960155108391536 mean_f1=0.7562 mean_val=0.6676 runs=2/2
####################################################################################################
raw runs: /root/autodl-tmp/MERTools-master/MERBench/logs/attention_grid_repeat_b/raw_runs_20260223_090827.json
summary: /root/autodl-tmp/MERTools-master/MERBench/logs/attention_grid_repeat_b/summary_20260223_090827.json
