split,n_samples,acc,f1,val_mse,duration_seconds
test1,411,0.8175182481751825,0.8176955613962974,0.6424553990364075,1065.2270548343658
test2,412,0.7572815533980582,0.7509617742956732,0.6126717329025269,1065.2270548343658
test3,834,0.8848920863309353,0.8803018100495211,79.60101318359375,1065.2270548343658
